source,day,horizon,n,precision,recall,f1,roc_auc,fpr,brier_score,degenerate
experiment_a_frozen,Wednesday-28-02-2018,1,22006,0.27695080823351553,0.8227673173259631,0.41440814373341456,0.5648882741669963,0.7667879385829685,0.2602655001274515,False
experiment_a_frozen,Wednesday-28-02-2018,2,21314,0.2784543844109832,0.8869687885734439,0.42384663998314726,0.5653242654023489,0.8332161350124656,0.260487742153964,False
experiment_a_frozen,Wednesday-28-02-2018,3,20647,0.2794462431617729,0.9011701170117011,0.4266053091311943,0.5605298543371432,0.8552875695732839,0.2595265343666337,False
experiment_a_frozen,Wednesday-28-02-2018,5,19400,0.28425406203840475,0.9007676465081446,0.43213868678702955,0.5725410694990309,0.8616544562202149,0.2580948789874367,False
experiment_a_frozen,Wednesday-14-02-2018,1,29091,0.4035524748185855,0.6613418530351438,0.501244366718235,0.5825045335456686,0.6179655501318521,0.24915438030950746,False
experiment_a_frozen,Wednesday-14-02-2018,2,28906,0.43668705979127037,0.7538161164359247,0.5530127933852014,0.691437930830999,0.621215557319424,0.23723400343111758,False
experiment_a_frozen,Wednesday-14-02-2018,3,28730,0.4628846357195728,0.7769790557330494,0.580147107547545,0.7421858390451123,0.5817775741610354,0.22937202362631778,False
experiment_a_frozen,Wednesday-14-02-2018,5,28408,0.4496059726254666,0.769613063542776,0.5676135619845529,0.7267791888223235,0.6193698949824971,0.2285239373493607,False
experiment_a_frozen,Wednesday-21-02-2018,1,1870,0.9859467455621301,0.7446927374301676,0.8485041374920432,0.7994902234636873,0.2375,0.2515710765116943,False
experiment_a_frozen,Wednesday-21-02-2018,2,1830,0.9773722627737226,0.7612279704377487,0.8558644934483861,0.8082056866497449,0.43661971830985913,0.1864642404786141,False
experiment_a_frozen,Wednesday-21-02-2018,3,1793,0.9636871508379888,0.9982638888888888,0.9806708357021034,0.836008725071225,1.0,0.1624432892523041,True
experiment_a_frozen,Wednesday-21-02-2018,5,1728,0.9855386840202458,0.8137313432835821,0.8914323086984958,0.874694452266967,0.37735849056603776,0.18946733191573972,False
fold_holdout_Wed21_PRE_OUTLIER_FIX,Wednesday-21-02-2018,1,1870,0.9567801188546732,0.9893854748603352,0.972809667673716,0.8082122905027932,1.0,0.16727744090078436,False
fold_holdout_Wed21_PRE_OUTLIER_FIX,Wednesday-21-02-2018,2,1830,0.9633077765607886,1.0,0.9813110181311018,0.7078886050813122,0.9436619718309859,0.1464011255774856,True
fold_holdout_Wed21_PRE_OUTLIER_FIX,Wednesday-21-02-2018,3,1793,0.9637479085331846,1.0,0.981539335416075,0.4172809829059829,1.0,0.15508859760609062,True
fold_holdout_Wed21_PRE_OUTLIER_FIX,Wednesday-21-02-2018,5,1728,0.9693287037037037,1.0,0.9844255069056714,0.548363841171501,1.0,0.13437680704434027,True
fold_holdout_Wed21,Wednesday-21-02-2018,1,1870,0.9567801188546732,0.9893854748603352,0.972809667673716,0.8082122905027932,1.0,0.16727744090078436,False
fold_holdout_Wed21,Wednesday-21-02-2018,2,1830,0.9633077765607886,1.0,0.9813110181311018,0.7078886050813122,0.9436619718309859,0.1464011255774856,True
fold_holdout_Wed21,Wednesday-21-02-2018,3,1793,0.9637479085331846,1.0,0.981539335416075,0.4172809829059829,1.0,0.15508859760609062,True
fold_holdout_Wed21,Wednesday-21-02-2018,5,1728,0.9693287037037037,1.0,0.9844255069056714,0.548363841171501,1.0,0.13437680704434027,True
fold_holdout_Wed28,Wednesday-28-02-2018,1,22006,0.31768137762303567,0.5831749870443945,0.41130604288499023,0.6077778338658009,0.4471233890361966,0.2418622468528331,False
fold_holdout_Wed28,Wednesday-28-02-2018,2,21314,0.30082696208456855,0.6799506259918886,0.4171128779274163,0.5961377839228943,0.5729080099725117,0.24837566939386993,False
fold_holdout_Wed28,Wednesday-28-02-2018,3,20647,0.29680501642281276,0.7157515751575158,0.41960846393330165,0.5936772135999713,0.6241717466207262,0.2501876963453762,False
fold_holdout_Wed28,Wednesday-28-02-2018,5,19400,0.2995967116488289,0.7232727953566748,0.4236907046887853,0.5831376980198689,0.6423643217867558,0.24886736231657797,False
