source,day,horizon,n,mse,rmse,mae,median_abs_error,p95_abs_error,outlier_dominated_dimensions_count
experiment_a_frozen,Wednesday-28-02-2018,1,22006,4.781149864196777,2.186583995819092,0.4994910657405853,0.44993337988853455,0.8825944662094116,57
experiment_a_frozen,Wednesday-28-02-2018,1,22006,4.781149387359619,2.186583995819092,0.4994911253452301,0.44993340969085693,0.8825944662094116,57
experiment_a_frozen,Wednesday-28-02-2018,2,21314,4.950197219848633,2.2249038219451904,0.5086086988449097,0.45565903186798096,0.9139052629470825,57
experiment_a_frozen,Wednesday-28-02-2018,3,20647,5.110660076141357,2.260676860809326,0.5142382979393005,0.45973843336105347,0.9270607233047485,57
experiment_a_frozen,Wednesday-28-02-2018,5,19400,5.411930084228516,2.326355457305908,0.5207371711730957,0.46376216411590576,0.944638729095459,57
experiment_a_frozen,Wednesday-14-02-2018,1,29091,0.6163159608840942,0.7850579619407654,0.4081503748893738,0.3865644037723541,0.6214391589164734,60
experiment_a_frozen,Wednesday-14-02-2018,1,29091,0.6163159012794495,0.7850579023361206,0.4081503748893738,0.3865644037723541,0.6214391589164734,60
experiment_a_frozen,Wednesday-14-02-2018,2,28906,0.6557824611663818,0.8098039627075195,0.4236105978488922,0.39920133352279663,0.6503726243972778,60
experiment_a_frozen,Wednesday-14-02-2018,3,28730,0.6976186037063599,0.8352356553077698,0.44010645151138306,0.4103791117668152,0.678993821144104,60
experiment_a_frozen,Wednesday-14-02-2018,5,28408,0.7534070611000061,0.867990255355835,0.45811763405799866,0.42058467864990234,0.7195107936859131,59
experiment_a_frozen,Wednesday-21-02-2018,1,1870,10647.7783203125,103.18807220458984,14.585763931274414,5.813318252563477,56.574554443359375,14
experiment_a_frozen,Wednesday-21-02-2018,1,1870,10647.77734375,103.18806457519531,14.585763931274414,5.813318252563477,56.574554443359375,14
experiment_a_frozen,Wednesday-21-02-2018,2,1830,9852.150390625,99.25799560546875,14.030537605285645,5.811753273010254,55.28196334838867,15
experiment_a_frozen,Wednesday-21-02-2018,3,1793,9259.2685546875,96.22509002685547,13.526582717895508,5.804225921630859,54.12632369995117,19
experiment_a_frozen,Wednesday-21-02-2018,5,1728,8292.447265625,91.06287384033203,12.732155799865723,5.806536674499512,52.61326217651367,16
fold_holdout_Wed21_PRE_OUTLIER_FIX,Wednesday-21-02-2018,1,1870,2015.0042724609375,44.888797760009766,7.5166239738464355,3.7123146057128906,26.24327850341797,0
fold_holdout_Wed21_PRE_OUTLIER_FIX,Wednesday-21-02-2018,1,1870,2015.0042724609375,44.888797760009766,7.5166239738464355,3.7123146057128906,26.24327850341797,0
fold_holdout_Wed21_PRE_OUTLIER_FIX,Wednesday-21-02-2018,2,1830,1872.0732421875,43.267459869384766,7.412481784820557,3.8290584087371826,25.785327911376953,0
fold_holdout_Wed21_PRE_OUTLIER_FIX,Wednesday-21-02-2018,3,1793,1763.7108154296875,41.99655532836914,7.201831817626953,3.814364194869995,25.38129997253418,0
fold_holdout_Wed21_PRE_OUTLIER_FIX,Wednesday-21-02-2018,5,1728,1589.7037353515625,39.871089935302734,6.854163646697998,3.8121895790100098,24.72939682006836,0
fold_holdout_Wed21,Wednesday-21-02-2018,1,1870,2015.0042724609375,44.888797760009766,7.5166239738464355,3.7123146057128906,26.24327850341797,20
fold_holdout_Wed21,Wednesday-21-02-2018,1,1870,2015.0042724609375,44.888797760009766,7.5166239738464355,3.7123146057128906,26.24327850341797,20
fold_holdout_Wed21,Wednesday-21-02-2018,2,1830,1872.0732421875,43.267459869384766,7.412481784820557,3.8290584087371826,25.785327911376953,16
fold_holdout_Wed21,Wednesday-21-02-2018,3,1793,1763.7108154296875,41.99655532836914,7.201831817626953,3.814364194869995,25.38129997253418,17
fold_holdout_Wed21,Wednesday-21-02-2018,5,1728,1589.7037353515625,39.871089935302734,6.854163646697998,3.8121895790100098,24.72939682006836,19
fold_holdout_Wed28,Wednesday-28-02-2018,1,22006,0.8665479421615601,0.9308855533599854,0.4050563871860504,0.3617476224899292,0.7436584234237671,57
fold_holdout_Wed28,Wednesday-28-02-2018,1,22006,0.8665479421615601,0.9308855533599854,0.4050563871860504,0.3617476224899292,0.7436584234237671,57
fold_holdout_Wed28,Wednesday-28-02-2018,2,21314,0.8912418484687805,0.9440560340881348,0.41112786531448364,0.3657150864601135,0.7577279806137085,57
fold_holdout_Wed28,Wednesday-28-02-2018,3,20647,0.9116784334182739,0.9548185467720032,0.41481173038482666,0.3696860074996948,0.7648166418075562,57
fold_holdout_Wed28,Wednesday-28-02-2018,5,19400,0.9337834715843201,0.9663247466087341,0.4197525084018707,0.37555402517318726,0.7668247222900391,57
