holdout_day,model,metric,frozen_thursday_only,multi_day_trained,difference
Wednesday-21-02-2018,logistic_regression_binary,accuracy,0.24545454545454545,0.7550802139037434,0.5096256684491979
Wednesday-21-02-2018,logistic_regression_binary,precision,0.8528864059590316,1.0,0.14711359404096835
Wednesday-21-02-2018,logistic_regression_binary,recall,0.2558659217877095,0.7441340782122905,0.488268156424581
Wednesday-21-02-2018,logistic_regression_binary,f1,0.39363987967339925,0.8532991672005125,0.4596592875271132
Wednesday-21-02-2018,logistic_regression_binary,fpr,0.9875,0.0,-0.9875
Wednesday-21-02-2018,logistic_regression_binary,roc_auc,0.16089734636871503,0.8483903631284917,0.6874930167597767
Wednesday-21-02-2018,logistic_regression_binary,pr_auc,0.9131136655702083,0.9890765096938439,0.07596284412363552
Wednesday-21-02-2018,logistic_regression_binary,brier_score,0.7352513763106683,0.2449155796328172,-0.4903357966778511
Wednesday-21-02-2018,random_forest_binary,accuracy,0.044919786096256686,0.0427807486631016,-0.0021390374331550846
Wednesday-21-02-2018,random_forest_binary,precision,1.0,0.0,-1.0
Wednesday-21-02-2018,random_forest_binary,recall,0.0022346368715083797,0.0,-0.0022346368715083797
Wednesday-21-02-2018,random_forest_binary,f1,0.004459308807134894,0.0,-0.004459308807134894
Wednesday-21-02-2018,random_forest_binary,fpr,0.0,0.0,0.0
Wednesday-21-02-2018,random_forest_binary,roc_auc,0.1943959497206704,0.2304608938547486,0.03606494413407821
Wednesday-21-02-2018,random_forest_binary,pr_auc,0.9261289800607946,0.9223611455223218,-0.0037678345384727363
Wednesday-21-02-2018,random_forest_binary,brier_score,0.3657095068330362,0.4911084729649436,0.12539896613190737
Wednesday-21-02-2018,next_state_classifier_oracle_binary,accuracy,0.9588235294117647,0.9951871657754011,0.036363636363636376
Wednesday-21-02-2018,next_state_classifier_oracle_binary,precision,0.9587573647562935,0.9949972206781545,0.036239855921861075
Wednesday-21-02-2018,next_state_classifier_oracle_binary,recall,1.0,1.0,0.0
Wednesday-21-02-2018,next_state_classifier_oracle_binary,f1,0.9789444900191414,0.9974923376985233,0.01854784767938189
Wednesday-21-02-2018,next_state_classifier_oracle_binary,fpr,0.9625,0.1125,-0.85
Wednesday-21-02-2018,next_state_classifier_oracle_binary,roc_auc,1.0,1.0,0.0
Wednesday-21-02-2018,next_state_classifier_oracle_binary,pr_auc,1.0,1.0,0.0
Wednesday-21-02-2018,next_state_classifier_oracle_binary,brier_score,0.01870465292307388,0.006991998020183549,-0.011712654902890331
Wednesday-21-02-2018,next_state_classifier_full_pipeline_binary,accuracy,0.7454545454545455,0.9470588235294117,0.20160427807486625
Wednesday-21-02-2018,next_state_classifier_full_pipeline_binary,precision,0.9859467455621301,0.9567801188546732,-0.029166626707456955
Wednesday-21-02-2018,next_state_classifier_full_pipeline_binary,recall,0.7446927374301676,0.9893854748603352,0.24469273743016762
Wednesday-21-02-2018,next_state_classifier_full_pipeline_binary,f1,0.8485041374920432,0.972809667673716,0.12430553018167279
Wednesday-21-02-2018,next_state_classifier_full_pipeline_binary,fpr,0.2375,1.0,0.7625
Wednesday-21-02-2018,next_state_classifier_full_pipeline_binary,roc_auc,0.7994902234636873,0.8082122905027932,0.00872206703910594
Wednesday-21-02-2018,next_state_classifier_full_pipeline_binary,pr_auc,0.9901975294615077,0.9892805484409783,-0.0009169810205293949
Wednesday-21-02-2018,next_state_classifier_full_pipeline_binary,brier_score,0.2515710765116943,0.16727744090078436,-0.08429363561090994
Wednesday-21-02-2018,logistic_regression_binary,accuracy,0.24545454545454545,0.7550802139037434,0.5096256684491979
Wednesday-21-02-2018,logistic_regression_binary,precision,0.8528864059590316,1.0,0.14711359404096835
Wednesday-21-02-2018,logistic_regression_binary,recall,0.2558659217877095,0.7441340782122905,0.488268156424581
Wednesday-21-02-2018,logistic_regression_binary,f1,0.39363987967339925,0.8532991672005125,0.4596592875271132
Wednesday-21-02-2018,logistic_regression_binary,fpr,0.9875,0.0,-0.9875
Wednesday-21-02-2018,logistic_regression_binary,roc_auc,0.16089734636871503,0.8483903631284917,0.6874930167597767
Wednesday-21-02-2018,logistic_regression_binary,pr_auc,0.9131136655702083,0.9890765096938439,0.07596284412363552
Wednesday-21-02-2018,logistic_regression_binary,brier_score,0.7352513763106683,0.2449155796328172,-0.4903357966778511
Wednesday-21-02-2018,random_forest_binary,accuracy,0.044919786096256686,0.0427807486631016,-0.0021390374331550846
Wednesday-21-02-2018,random_forest_binary,precision,1.0,0.0,-1.0
Wednesday-21-02-2018,random_forest_binary,recall,0.0022346368715083797,0.0,-0.0022346368715083797
Wednesday-21-02-2018,random_forest_binary,f1,0.004459308807134894,0.0,-0.004459308807134894
Wednesday-21-02-2018,random_forest_binary,fpr,0.0,0.0,0.0
Wednesday-21-02-2018,random_forest_binary,roc_auc,0.1943959497206704,0.2304608938547486,0.03606494413407821
Wednesday-21-02-2018,random_forest_binary,pr_auc,0.9261289800607946,0.9223611455223218,-0.0037678345384727363
Wednesday-21-02-2018,random_forest_binary,brier_score,0.3657095068330362,0.4911084729649436,0.12539896613190737
Wednesday-21-02-2018,next_state_classifier_oracle_binary,accuracy,0.9588235294117647,0.9951871657754011,0.036363636363636376
Wednesday-21-02-2018,next_state_classifier_oracle_binary,precision,0.9587573647562935,0.9949972206781545,0.036239855921861075
Wednesday-21-02-2018,next_state_classifier_oracle_binary,recall,1.0,1.0,0.0
Wednesday-21-02-2018,next_state_classifier_oracle_binary,f1,0.9789444900191414,0.9974923376985233,0.01854784767938189
Wednesday-21-02-2018,next_state_classifier_oracle_binary,fpr,0.9625,0.1125,-0.85
Wednesday-21-02-2018,next_state_classifier_oracle_binary,roc_auc,1.0,1.0,0.0
Wednesday-21-02-2018,next_state_classifier_oracle_binary,pr_auc,1.0,1.0,0.0
Wednesday-21-02-2018,next_state_classifier_oracle_binary,brier_score,0.01870465292307388,0.006991998020183549,-0.011712654902890331
Wednesday-21-02-2018,next_state_classifier_full_pipeline_binary,accuracy,0.7454545454545455,0.9470588235294117,0.20160427807486625
Wednesday-21-02-2018,next_state_classifier_full_pipeline_binary,precision,0.9859467455621301,0.9567801188546732,-0.029166626707456955
Wednesday-21-02-2018,next_state_classifier_full_pipeline_binary,recall,0.7446927374301676,0.9893854748603352,0.24469273743016762
Wednesday-21-02-2018,next_state_classifier_full_pipeline_binary,f1,0.8485041374920432,0.972809667673716,0.12430553018167279
Wednesday-21-02-2018,next_state_classifier_full_pipeline_binary,fpr,0.2375,1.0,0.7625
Wednesday-21-02-2018,next_state_classifier_full_pipeline_binary,roc_auc,0.7994902234636873,0.8082122905027932,0.00872206703910594
Wednesday-21-02-2018,next_state_classifier_full_pipeline_binary,pr_auc,0.9901975294615077,0.9892805484409783,-0.0009169810205293949
Wednesday-21-02-2018,next_state_classifier_full_pipeline_binary,brier_score,0.2515710765116943,0.16727744090078436,-0.08429363561090994
Wednesday-28-02-2018,logistic_regression_binary,accuracy,0.43197309824593294,0.43383622648368625,0.0018631282377533087
Wednesday-28-02-2018,logistic_regression_binary,precision,0.29026814175885995,0.29619897335614764,0.005930831597287689
Wednesday-28-02-2018,logistic_regression_binary,recall,0.8022110899982726,0.8372775954396269,0.035066505441354257
Wednesday-28-02-2018,logistic_regression_binary,f1,0.4262897007527079,0.43759310251433214,0.011303401761624254
Wednesday-28-02-2018,logistic_regression_binary,fpr,0.700191157427391,0.7101806746007276,0.009989517173336626
Wednesday-28-02-2018,logistic_regression_binary,roc_auc,0.6220211760704036,0.6460674146531815,0.02404623858277788
Wednesday-28-02-2018,logistic_regression_binary,pr_auc,0.39603849052243123,0.4208037045780241,0.024765214055592844
Wednesday-28-02-2018,logistic_regression_binary,brier_score,0.31243161131234165,0.3053506003476543,-0.007081010964687329
Wednesday-28-02-2018,random_forest_binary,accuracy,0.5746160138144143,0.5169953649004817,-0.05762064891393259
Wednesday-28-02-2018,random_forest_binary,precision,0.3402504472271914,0.3157453936348409,-0.0245050535923505
Wednesday-28-02-2018,random_forest_binary,recall,0.6571083088616342,0.7163586111590948,0.059250302297460644
Wednesday-28-02-2018,random_forest_binary,f1,0.448346985679769,0.4383025947259948,-0.010044390953774185
Wednesday-28-02-2018,random_forest_binary,fpr,0.45483134981809215,0.5541715483751619,0.09934019855706977
Wednesday-28-02-2018,random_forest_binary,roc_auc,0.6490288054629787,0.6518917569988896,0.0028629515359108737
Wednesday-28-02-2018,random_forest_binary,pr_auc,0.45227742528607273,0.4768393158702342,0.024561890584161472
Wednesday-28-02-2018,random_forest_binary,brier_score,0.24084220667090794,0.24883075373383012,0.00798854706292218
Wednesday-28-02-2018,next_state_classifier_oracle_binary,accuracy,0.4605562119421976,0.589248386803599,0.12869217486140144
Wednesday-28-02-2018,next_state_classifier_oracle_binary,precision,0.29444369338921184,0.32716443309934057,0.03272073971012873
Wednesday-28-02-2018,next_state_classifier_oracle_binary,recall,0.7524615650371395,0.5313525652098808,-0.22110899982725862
Wednesday-28-02-2018,next_state_classifier_oracle_binary,f1,0.42326191517271533,0.4049766308998749,-0.01828528427284043
Wednesday-28-02-2018,next_state_classifier_oracle_binary,fpr,0.6436455571314054,0.3900844792501696,-0.2535610778812358
Wednesday-28-02-2018,next_state_classifier_oracle_binary,roc_auc,0.5973267977140188,0.6024938290244399,0.005167031310421177
Wednesday-28-02-2018,next_state_classifier_oracle_binary,pr_auc,0.35974328760703034,0.3664561087040791,0.006712821097048738
Wednesday-28-02-2018,next_state_classifier_oracle_binary,brier_score,0.2680557010821298,0.24450278527168398,-0.0235529158104458
Wednesday-28-02-2018,next_state_classifier_full_pipeline_binary,accuracy,0.38830319003908026,0.5608470417158956,0.17254385167681535
Wednesday-28-02-2018,next_state_classifier_full_pipeline_binary,precision,0.27695080823351553,0.31768137762303567,0.04073056938952013
Wednesday-28-02-2018,next_state_classifier_full_pipeline_binary,recall,0.8227673173259631,0.5831749870443945,-0.23959233028156857
Wednesday-28-02-2018,next_state_classifier_full_pipeline_binary,f1,0.41440814373341456,0.41130604288499023,-0.0031021008484243273
Wednesday-28-02-2018,next_state_classifier_full_pipeline_binary,fpr,0.7667879385829685,0.4471233890361966,-0.31966454954677187
Wednesday-28-02-2018,next_state_classifier_full_pipeline_binary,roc_auc,0.5648882741669963,0.6077778338658009,0.04288955969880459
Wednesday-28-02-2018,next_state_classifier_full_pipeline_binary,pr_auc,0.32428614765569064,0.373180537204991,0.048894389549300366
Wednesday-28-02-2018,next_state_classifier_full_pipeline_binary,brier_score,0.2602655001274515,0.2418622468528331,-0.018403253274618364
