day,model,n,n_positive,n_negative,attack_prevalence_pct,accuracy,precision,recall,f1,roc_auc,pr_auc,fpr
Wednesday-28-02-2018,logistic_regression_binary,22006,5789,16217,26.3065,0.43197309824593294,0.29026814175885995,0.8022110899982726,0.4262897007527079,0.6220211760704036,0.39603849052243123,0.700191157427391
Wednesday-28-02-2018,random_forest_binary,22006,5789,16217,26.3065,0.5746160138144143,0.3402504472271914,0.6571083088616342,0.448346985679769,0.6490288054629787,0.45227742528607273,0.45483134981809215
Wednesday-28-02-2018,next_state_classifier_oracle_binary,22006,5789,16217,26.3065,0.4605562119421976,0.29444369338921184,0.7524615650371395,0.42326191517271533,0.5973267977140188,0.35974328760703034,0.6436455571314054
Wednesday-28-02-2018,next_state_classifier_full_pipeline_binary,22006,5789,16217,26.3065,0.38830319003908026,0.27695080823351553,0.8227673173259631,0.41440814373341456,0.5648882741669963,0.32428614765569064,0.7667879385829685
Wednesday-14-02-2018,logistic_regression_binary,29091,11268,17823,38.7336,0.9102127805850607,0.9180834621329211,0.8434504792332268,0.8791859389454209,0.9709985079686773,0.9250951018959238,0.04757897099253773
Wednesday-14-02-2018,random_forest_binary,29091,11268,17823,38.7336,0.6722697741569558,0.5892342527789214,0.508075967341143,0.5456538314906596,0.7895244397383644,0.6450739123191249,0.22392414296134208
Wednesday-14-02-2018,next_state_classifier_oracle_binary,29091,11268,17823,38.7336,0.6655666701041559,0.5489348171701113,0.7660631877884274,0.6395732226873634,0.7653683149956946,0.6329881110569835,0.39796891656847894
Wednesday-14-02-2018,next_state_classifier_full_pipeline_binary,29091,11268,17823,38.7336,0.4902203430614279,0.4035524748185855,0.6613418530351438,0.501244366718235,0.5825045335456686,0.5305525194943437,0.6179655501318521
Wednesday-21-02-2018,logistic_regression_binary,1870,1790,80,95.7219,0.24545454545454545,0.8528864059590316,0.2558659217877095,0.39363987967339925,0.16089734636871503,0.9131136655702083,0.9875
Wednesday-21-02-2018,random_forest_binary,1870,1790,80,95.7219,0.044919786096256686,1.0,0.0022346368715083797,0.004459308807134894,0.1943959497206704,0.9261289800607946,0.0
Wednesday-21-02-2018,next_state_classifier_oracle_binary,1870,1790,80,95.7219,0.9588235294117647,0.9587573647562935,1.0,0.9789444900191414,1.0,1.0,0.9625
Wednesday-21-02-2018,next_state_classifier_full_pipeline_binary,1870,1790,80,95.7219,0.7454545454545455,0.9859467455621301,0.7446927374301676,0.8485041374920432,0.7994902234636873,0.9901975294615077,0.2375
