day,horizon,n,mse,rmse,mae,ap_precision,ap_recall,ap_f1,ap_roc_auc,ap_fpr
Wednesday-28-02-2018,1,22006,4.781149387359619,2.186583995819092,0.4994911253452301,0.27695080823351553,0.8227673173259631,0.41440814373341456,0.5648882741669963,0.7667879385829685
Wednesday-28-02-2018,2,21314,4.950197219848633,2.2249038219451904,0.5086086988449097,0.2784543844109832,0.8869687885734439,0.42384663998314726,0.5653242654023489,0.8332161350124656
Wednesday-28-02-2018,3,20647,5.110660076141357,2.260676860809326,0.5142382979393005,0.2794462431617729,0.9011701170117011,0.4266053091311943,0.5605298543371432,0.8552875695732839
Wednesday-28-02-2018,5,19400,5.411930084228516,2.326355457305908,0.5207371711730957,0.28425406203840475,0.9007676465081446,0.43213868678702955,0.5725410694990309,0.8616544562202149
Wednesday-14-02-2018,1,29091,0.6163159012794495,0.7850579023361206,0.4081503748893738,0.4035524748185855,0.6613418530351438,0.501244366718235,0.5825045335456686,0.6179655501318521
Wednesday-14-02-2018,2,28906,0.6557824611663818,0.8098039627075195,0.4236105978488922,0.43668705979127037,0.7538161164359247,0.5530127933852014,0.691437930830999,0.621215557319424
Wednesday-14-02-2018,3,28730,0.6976186037063599,0.8352356553077698,0.44010645151138306,0.4628846357195728,0.7769790557330494,0.580147107547545,0.7421858390451123,0.5817775741610354
Wednesday-14-02-2018,5,28408,0.7534070611000061,0.867990255355835,0.45811763405799866,0.4496059726254666,0.769613063542776,0.5676135619845529,0.7267791888223235,0.6193698949824971
Wednesday-21-02-2018,1,1870,10647.77734375,103.18806457519531,14.585763931274414,0.9859467455621301,0.7446927374301676,0.8485041374920432,0.7994902234636873,0.2375
Wednesday-21-02-2018,2,1830,9852.150390625,99.25799560546875,14.030537605285645,0.9773722627737226,0.7612279704377487,0.8558644934483861,0.8082056866497449,0.43661971830985913
Wednesday-21-02-2018,3,1793,9259.2685546875,96.22509002685547,13.526582717895508,0.9636871508379888,0.9982638888888888,0.9806708357021034,0.836008725071225,1.0
Wednesday-21-02-2018,5,1728,8292.447265625,91.06287384033203,12.732155799865723,0.9855386840202458,0.8137313432835821,0.8914323086984958,0.874694452266967,0.37735849056603776
