day,sequence_id,actual_label,predicted_probability
Wednesday-28-02-2018,0,Benign,0.5351951718330383
Wednesday-28-02-2018,2445,Infilteration,0.5787436366081238
Wednesday-28-02-2018,4890,Benign,0.45852532982826233
Wednesday-28-02-2018,7335,Benign,0.5467983484268188
Wednesday-28-02-2018,9780,Benign,0.5493503212928772
Wednesday-28-02-2018,12225,Benign,0.5075792670249939
Wednesday-28-02-2018,14670,Benign,0.6233525276184082
Wednesday-28-02-2018,17115,Infilteration,0.5162498950958252
Wednesday-28-02-2018,19560,Infilteration,0.5317956209182739
Wednesday-28-02-2018,22005,Benign,0.44942083954811096
Wednesday-14-02-2018,0,Benign,0.5331546068191528
Wednesday-14-02-2018,3232,Benign,0.5571423172950745
Wednesday-14-02-2018,6464,SSH-Bruteforce,0.49619874358177185
Wednesday-14-02-2018,9696,Benign,0.5518163442611694
Wednesday-14-02-2018,12928,Benign,0.6149081587791443
Wednesday-14-02-2018,16161,Benign,0.5160328149795532
Wednesday-14-02-2018,19393,Benign,0.6231228113174438
Wednesday-14-02-2018,22625,FTP-BruteForce,0.5740076303482056
Wednesday-14-02-2018,25857,FTP-BruteForce,0.49364790320396423
Wednesday-14-02-2018,29090,Benign,0.5099837779998779
Wednesday-21-02-2018,0,DDOS attack-HOIC,0.6330046653747559
Wednesday-21-02-2018,207,DDOS attack-HOIC,0.6127545237541199
Wednesday-21-02-2018,415,DDOS attack-HOIC,0.5959305763244629
Wednesday-21-02-2018,623,DDOS attack-HOIC,0.5940432548522949
Wednesday-21-02-2018,830,DDOS attack-HOIC,0.5944321751594543
Wednesday-21-02-2018,1038,DDOS attack-HOIC,0.5935540199279785
Wednesday-21-02-2018,1246,DDOS attack-HOIC,0.5919501781463623
Wednesday-21-02-2018,1453,DDOS attack-LOIC-UDP,0.2524429261684418
Wednesday-21-02-2018,1661,DDOS attack-LOIC-UDP,0.2536305785179138
Wednesday-21-02-2018,1869,Benign,0.2771686017513275
