feature_name,train_mse,train_mae,validation_mse,validation_mae,test_mse,test_mae
PSH Flag Cnt,0.7646441459655762,0.09614592045545578,6.440636157989502,0.1957477480173111,0.008254985325038433,0.061526261270046234
Flow IAT Std,0.8881317377090454,0.5471712350845337,1.2634373903274536,0.6129595041275024,1.0682753324508667,0.5529439449310303
Bwd IAT Min,0.7586304545402527,0.2781100571155548,1.1618986129760742,0.3595348596572876,0.843640923500061,0.2750343084335327
Pkt Len Min,0.9674885869026184,0.4661621153354645,1.1491774320602417,0.4966719448566437,1.5073314905166626,0.5160804390907288
Fwd Pkt Len Min,0.9719703197479248,0.46843570470809937,1.1257596015930176,0.4965369999408722,1.4744932651519775,0.5097999572753906
Bwd IAT Mean,0.7959156036376953,0.3823663890361786,1.1144131422042847,0.45030421018600464,0.8701448440551758,0.37558451294898987
Pkt Size Avg,0.8954769372940063,0.677560031414032,1.0649751424789429,0.7254065871238708,1.5435611009597778,0.7426374554634094
Fwd Seg Size Min,0.8946241140365601,0.7367320656776428,1.0498296022415161,0.7864642143249512,0.9570069313049316,0.7782559394836426
Fwd IAT Std,0.9418652653694153,0.567313551902771,1.0460309982299805,0.5848945379257202,1.2653759717941284,0.5548238754272461
Fwd Seg Size Avg,0.8714230060577393,0.62749844789505,1.0212993621826172,0.6663672924041748,1.0969038009643555,0.7042245864868164
Pkt Len Mean,0.9036018252372742,0.6866605281829834,1.0208449363708496,0.7221449017524719,1.633068323135376,0.7537134885787964
Fwd Pkt Len Mean,0.8710700869560242,0.6278906464576721,1.0207436084747314,0.6667221188545227,1.0925923585891724,0.7046618461608887
Bwd IAT Max,0.8640470504760742,0.5648974180221558,1.0092966556549072,0.595019519329071,1.0290265083312988,0.511886477470398
Pkt Len Var,0.9003170132637024,0.7164878249168396,1.0009582042694092,0.746250331401825,1223.8277587890625,1.3982282876968384
Idle Std,1.0312262773513794,0.4458822011947632,0.9832763671875,0.45302340388298035,0.9628374576568604,0.38779139518737793
Bwd IAT Tot,0.8642383217811584,0.6328285336494446,0.9769179224967957,0.6531458497047424,0.7989885210990906,0.571025550365448
Bwd Pkt Len Mean,0.8736235499382019,0.7079994082450867,0.9764297604560852,0.7529301643371582,2.1405084133148193,0.7578424215316772
Bwd Seg Size Avg,0.8735879063606262,0.7083967924118042,0.9760040044784546,0.7529585361480713,2.1412434577941895,0.7573654055595398
Fwd PSH Flags,0.7856340408325195,0.5651369690895081,0.9578647613525391,0.6126106381416321,0.3654877543449402,0.36730438470840454
SYN Flag Cnt,0.7842833399772644,0.564359188079834,0.9567451477050781,0.6107692718505859,0.3647385537624359,0.3722628355026245
Fwd IAT Tot,0.8617608547210693,0.6679003834724426,0.9548457264900208,0.6902291774749756,0.9881226420402527,0.7178557515144348
Flow Duration,0.8625694513320923,0.6694248914718628,0.9458081722259521,0.6852230429649353,0.9914449453353882,0.7207006812095642
Bwd Pkt Len Min,0.9067240357398987,0.7384228706359863,0.9453642964363098,0.7477283477783203,0.9653921723365784,0.766701877117157
Pkt Len Std,0.8589915633201599,0.7204024791717529,0.9197041392326355,0.7479833364486694,1.4126882553100586,0.8150830864906311
Active Min,0.7722274661064148,0.20509351789951324,0.9176843166351318,0.2268371284008026,0.5204030275344849,0.20670683681964874
Fwd Pkts/s,1.0252104997634888,0.45303305983543396,0.9146286249160767,0.4161500930786133,0.938495934009552,0.38645946979522705
Fwd Pkt Len Std,0.8438340425491333,0.6866272687911987,0.9007090330123901,0.702645480632782,1.018580436706543,0.7764488458633423
Fwd Pkt Len Max,0.835081160068512,0.6969920992851257,0.8969122767448425,0.7193648815155029,1.04985773563385,0.7991475462913513
Init Fwd Win Byts,0.7135928869247437,0.5286729335784912,0.890968918800354,0.5915892124176025,0.9712089896202087,0.6208375096321106
Pkt Len Max,0.8441434502601624,0.7098832130432129,0.8909506797790527,0.7365351915359497,1.325927972793579,0.8190420269966125
Bwd IAT Std,0.9269006848335266,0.5416310429573059,0.88686603307724,0.5441918969154358,1.5946403741836548,0.48873308300971985
Bwd Pkt Len Std,0.8492273688316345,0.7150153517723083,0.8860223293304443,0.7398837804794312,1.2478595972061157,0.826046884059906
URG Flag Cnt,0.9177947044372559,0.5753852725028992,0.882102370262146,0.5946270823478699,0.4354327917098999,0.3843810558319092
Bwd Pkt Len Max,0.8332682251930237,0.705357551574707,0.8716680407524109,0.7315613627433777,1.3250236511230469,0.82359778881073
Flow Pkts/s,1.0048034191131592,0.4671861529350281,0.8631063103675842,0.43169379234313965,0.9630947113037109,0.39672255516052246
Idle Max,0.6939173340797424,0.5801113247871399,0.8308826088905334,0.6096236109733582,1.0410161018371582,0.7070425748825073
Active Mean,0.7738524675369263,0.25103652477264404,0.8303290605545044,0.25974270701408386,0.7226672768592834,0.2755869925022125
Flow IAT Max,0.6946887969970703,0.5788397192955017,0.8233746886253357,0.6078128814697266,1.0305622816085815,0.7013132572174072
Idle Mean,0.6651344299316406,0.5619075298309326,0.8226955533027649,0.5954488515853882,1.032055139541626,0.6991561055183411
Idle Min,0.6520218849182129,0.540243923664093,0.8189188838005066,0.575989305973053,1.0380175113677979,0.6881000399589539
Init Bwd Win Byts,0.7861180901527405,0.6700358986854553,0.8087262511253357,0.6829892992973328,1.066933274269104,0.8049799203872681
Fwd IAT Max,0.6924629807472229,0.5780718922615051,0.8082199096679688,0.6081901788711548,1.0251872539520264,0.7019904255867004
Active Max,0.7746883034706116,0.2575507164001465,0.7852698564529419,0.2592569589614868,0.9362544417381287,0.29659122228622437
ACK Flag Cnt,0.752292811870575,0.5838013887405396,0.7731411457061768,0.6061837077140808,0.38502514362335205,0.4222281873226166
Fwd IAT Mean,0.5627648830413818,0.44041717052459717,0.7206723690032959,0.48071858286857605,0.9647741317749023,0.6248902082443237
Fwd IAT Min,0.5457081198692322,0.39905935525894165,0.7048233151435852,0.438768595457077,0.9631708264350891,0.5907444357872009
Active Std,0.805810809135437,0.21698357164859772,0.6973246335983276,0.204332634806633,1.0894912481307983,0.25897595286369324
Flow IAT Mean,0.5589039921760559,0.4223787784576416,0.6844677925109863,0.4491637051105499,0.9946830868721008,0.6220120787620544
Flow IAT Min,0.5507023930549622,0.3953276574611664,0.6722184419631958,0.4196961522102356,1.0009251832962036,0.5934284329414368
RST Flag Cnt,0.6326249837875366,0.48255783319473267,0.6274065375328064,0.49558529257774353,0.34682396054267883,0.3697621524333954
ECE Flag Cnt,0.6332643628120422,0.4808114767074585,0.625620424747467,0.4932536780834198,0.3412867486476898,0.3616868853569031
Flow Byts/s,1.1514530181884766,0.3041703701019287,0.6074320673942566,0.24432724714279175,0.5405346751213074,0.23183275759220123
Bwd Pkts/s,1.017038106918335,0.31271058320999146,0.48808929324150085,0.3068779706954956,0.31652235984802246,0.2573375999927521
Down/Up Ratio,0.18100771307945251,0.3175964653491974,0.2565977871417999,0.368818461894989,0.17599166929721832,0.3399308919906616
Fwd Header Len,1.2270678281784058,0.1531493067741394,0.1544371247291565,0.1322558969259262,0.09461336582899094,0.10087152570486069
Tot Fwd Pkts,1.056736946105957,0.16222859919071198,0.12431640177965164,0.13678066432476044,0.09195034205913544,0.1069193109869957
Subflow Fwd Pkts,1.0534679889678955,0.16109777987003326,0.12427889555692673,0.13383986055850983,0.09197193384170532,0.10834910720586777
Protocol_6,0.071719229221344,0.22413818538188934,0.07083729654550552,0.22315345704555511,0.07494213432073593,0.2356088012456894
TotLen Fwd Pkts,1.4048748016357422,0.0707840695977211,0.06260402500629425,0.05388445779681206,0.008731083013117313,0.047402381896972656
Subflow Fwd Byts,1.4054808616638184,0.07113422453403473,0.06257320195436478,0.05346689745783806,0.008902987465262413,0.05109313875436783
Protocol_17,0.06160272657871246,0.20864777266979218,0.06143666058778763,0.21014158427715302,0.060478661209344864,0.2108985036611557
Fwd Act Data Pkts,0.5826416611671448,0.12538592517375946,0.06010914221405983,0.10787325352430344,0.018805067986249924,0.08395180851221085
Bwd Header Len,1.2483266592025757,0.10551672428846359,0.03853011876344681,0.07625085115432739,0.07232963293790817,0.07133373618125916
Tot Bwd Pkts,1.146891713142395,0.09849682450294495,0.03413465991616249,0.07190229743719101,0.06433407962322235,0.061133407056331635
Subflow Bwd Pkts,1.1484113931655884,0.09862156212329865,0.033662836998701096,0.0703020691871643,0.06499723345041275,0.0660032108426094
Protocol_0,0.014187135733664036,0.06927523016929626,0.017137331888079643,0.07463625073432922,0.017510248348116875,0.08104932308197021
TotLen Bwd Pkts,1.2093459367752075,0.0783119946718216,0.012168904766440392,0.047754935920238495,0.0654173269867897,0.053276170045137405
Subflow Bwd Byts,1.2139657735824585,0.0779900923371315,0.011670878157019615,0.04799002408981323,0.06618375331163406,0.05608225613832474
