horizon,bin_low,bin_high,n_samples,mean_predicted_probability,observed_infiltration_frequency
1,0.0,0.1,0,,
1,0.1,0.2,3,0.1811755746603012,0.0
1,0.2,0.30000000000000004,143,0.25134676694869995,0.02097902097902098
1,0.30000000000000004,0.4,110,0.3504825234413147,0.1
1,0.4,0.5,988,0.4748932421207428,0.4068825910931174
1,0.5,0.6000000000000001,2176,0.5316033959388733,0.5514705882352942
1,0.6000000000000001,0.7000000000000001,70,0.6211373805999756,0.8428571428571429
1,0.7000000000000001,0.8,2,0.7052092552185059,1.0
1,0.8,0.9,0,,
1,0.9,1.0,0,,
2,0.0,0.1,0,,
2,0.1,0.2,0,,
2,0.2,0.30000000000000004,126,0.2655790150165558,0.023809523809523808
2,0.30000000000000004,0.4,102,0.3414232134819031,0.00980392156862745
2,0.4,0.5,720,0.4784943163394928,0.35
2,0.5,0.6000000000000001,2421,0.5289973020553589,0.560512185047501
2,0.6000000000000001,0.7000000000000001,19,0.6195167899131775,0.9473684210526315
2,0.7000000000000001,0.8,0,,
2,0.8,0.9,0,,
2,0.9,1.0,0,,
3,0.0,0.1,0,,
3,0.1,0.2,0,,
3,0.2,0.30000000000000004,143,0.2643425762653351,0.013986013986013986
3,0.30000000000000004,0.4,89,0.34144699573516846,0.033707865168539325
3,0.4,0.5,539,0.47937873005867004,0.3172541743970315
3,0.5,0.6000000000000001,2514,0.5265029668807983,0.5588703261734288
3,0.6000000000000001,0.7000000000000001,3,0.6244567036628723,1.0
3,0.7000000000000001,0.8,0,,
3,0.8,0.9,0,,
3,0.9,1.0,0,,
5,0.0,0.1,0,,
5,0.1,0.2,0,,
5,0.2,0.30000000000000004,168,0.2648390829563141,0.017857142857142856
5,0.30000000000000004,0.4,68,0.3403927683830261,0.1323529411764706
5,0.4,0.5,431,0.48451513051986694,0.20417633410672853
5,0.5,0.6000000000000001,2424,0.5244073867797852,0.5763201320132013
5,0.6000000000000001,0.7000000000000001,1,0.622647225856781,1.0
5,0.7000000000000001,0.8,0,,
5,0.8,0.9,0,,
5,0.9,1.0,0,,
