horizon,mode,partition,n,n_positive,n_negative,roc_auc,pr_auc,precision,recall,f1,fpr
1,full_pipeline,validation,3492,1677,1815,0.6601401886814148,0.6258363243129139,0.5609430604982206,0.751937984496124,0.642547770700637,0.543801652892562
1,oracle_diagnostic,validation,3492,1677,1815,0.666649911047374,0.6568098868390803,0.5856733524355301,0.6094215861657722,0.5973115137346581,0.39834710743801655
1,full_pipeline,test,2871,0,2871,,,0.0,,,0.460118425635667
2,full_pipeline,validation,3388,1631,1757,0.6727374464653431,0.6348047776865507,0.5635245901639344,0.8430410790925812,0.6755097027757307,0.6061468412066021
2,oracle_diagnostic,validation,3388,1631,1757,0.6660037610790088,0.6561374810540423,0.5871886120996441,0.6069895769466584,0.5969249321676213,0.39612976664769495
2,full_pipeline,test,2726,0,2726,,,0.0,,,0.5385179750550256
3,full_pipeline,validation,3288,1584,1704,0.687802874697681,0.64133091553076,0.5593961064759635,0.8888888888888888,0.686661789807364,0.6508215962441315
3,oracle_diagnostic,validation,3288,1584,1704,0.6672637095722483,0.6572612554878905,0.5900430239704979,0.6060606060606061,0.5979445655559016,0.3914319248826291
3,full_pipeline,test,2592,0,2592,,,0.0,,,0.5339506172839507
5,full_pipeline,validation,3092,1498,1594,0.7064758448320052,0.6401127378203733,0.5764948453608247,0.9332443257676902,0.712719857252103,0.6442910915934755
5,oracle_diagnostic,validation,3092,1498,1594,0.6725749347101028,0.665808953278929,0.5958005249343832,0.6061415220293725,0.600926538716082,0.3864491844416562
5,full_pipeline,test,2341,0,2341,,,0.0,,,0.5224263135412217
