filename,capture_date,day_of_week,s3_size_bytes,s3_size_mb,estimated_row_count_method,estimated_row_count,locally_downloaded,local_path,schema_column_count,schema_matches_current_80col,documented_attack_categories,sampled_labels_observed_this_session,sampling_coverage_note,role_candidate
Thursday-01-03-2018_TrafficForML_CICFlowMeter.csv,2018-03-01,Thursday,107842858,107.8,verified_exact_Feature1,331125,TRUE,data/raw/Thursday-01-03-2018_TrafficForML_CICFlowMeter.csv,80,TRUE (reference),"Benign; Infilteration (VERIFIED, Feature 1-3)","Benign, Infilteration",Full file already loaded and inspected in Features 1-9,CURRENT_DEV_BENCHMARK
Wednesday-28-02-2018_TrafficForML_CICFlowMeter.csv,2018-02-28,Wednesday,209249758,209.2,estimated_bytes_per_row,642488,FALSE,,80,TRUE,"Benign; Infilteration (documented)","Benign, Infilteration",5 byte-range samples (~150KB each) at 10/30/50/70/90% offsets; not exhaustive,"A (external eval, infiltration-analog) or C (held-out test)"
Wednesday-14-02-2018_TrafficForML_CICFlowMeter.csv,2018-02-14,Wednesday,358223333,358.2,estimated_bytes_per_row,1099903,FALSE,,80,TRUE,"Benign; FTP-BruteForce; SSH-Bruteforce (documented)","Benign, FTP-BruteForce, SSH-Bruteforce",5 byte-range samples at 10/30/50/70/90% offsets; not exhaustive,B (expanded training/dev - brute-force diversity)
Wednesday-21-02-2018_TrafficForML_CICFlowMeter.csv,2018-02-21,Wednesday,328893673,328.9,estimated_bytes_per_row,1009848,FALSE,,80,TRUE,"Benign; DDoS attack-HOIC; DDoS attack-LOIC-UDP (documented)","Benign, DDOS attack-HOIC",5 byte-range samples; LOIC-UDP not captured in samples (documented but unverified in this session),B or A (volumetric/DDoS diversity)
Friday-02-03-2018_TrafficForML_CICFlowMeter.csv,2018-03-02,Friday,352368373,352.4,estimated_bytes_per_row,1081925,FALSE,,80,TRUE,"Benign; Bot (documented)","Benign, Bot",5 byte-range samples at 10/30/50/70/90% offsets; not exhaustive,B (expanded training/dev - botnet diversity)
Friday-16-02-2018_TrafficForML_CICFlowMeter.csv,2018-02-16,Friday,333723605,333.7,estimated_bytes_per_row,1024678,FALSE,,80,TRUE,"Benign; DoS attacks-Hulk; DoS attacks-SlowHTTPTest (documented)","Benign, DoS attacks-Hulk",5 byte-range samples; SlowHTTPTest not captured in samples,B (DoS diversity) or C (held-out)
Thursday-15-02-2018_TrafficForML_CICFlowMeter.csv,2018-02-15,Thursday,375945899,375.9,estimated_bytes_per_row,1154319,FALSE,,80,TRUE,"Benign; DoS attacks-GoldenEye; DoS attacks-Slowloris (documented)","Benign only (samples missed the attack segment)","5 byte-range samples; attack rows not captured - likely a small proportion of the file","B (DoS diversity, unverified attack presence this session) or C"
Thursday-22-02-2018_TrafficForML_CICFlowMeter.csv,2018-02-22,Thursday,382636202,382.6,estimated_bytes_per_row,1174861,FALSE,,80,TRUE,"Benign; Brute Force-Web; Brute Force-XSS; SQL Injection (documented)","Benign only (samples missed the attack segment)","5 byte-range samples; attack rows not captured - likely a small proportion of the file","B (web-attack diversity, unverified this session) or C"
Friday-23-02-2018_TrafficForML_CICFlowMeter.csv,2018-02-23,Friday,382840456,382.8,estimated_bytes_per_row,1175488,FALSE,,80,TRUE,"Benign; Brute Force-Web; Brute Force-XSS; SQL Injection (documented)","Benign only (samples missed the attack segment)","5 byte-range samples; attack rows not captured - likely a small proportion of the file","B (web-attack diversity, unverified this session) or C"
Thuesday-20-02-2018_TrafficForML_CICFlowMeter.csv,2018-02-20,Tuesday,4054925350,4054.9,estimated_bytes_per_row_adjusted,10826438,FALSE,,84,FALSE (extra Flow ID/Src IP/Src Port/Dst IP columns),"Benign; DDoS attacks-LOIC-HTTP (documented)",Benign only (samples missed the attack segment),5 byte-range samples; attack rows not captured; file is ~11-38x larger than the other 9 files,"NOT RECOMMENDED for near-term download: schema mismatch + large size; would need a column-dropping adapter before reuse"
