flattened_feature,coefficient,absolute_coefficient,temporal_position,original_feature
t-4__Fwd IAT Mean,-1.4201959944080778,1.4201959944080778,t-4,Fwd IAT Mean
t-2__Protocol_0,1.4095448560763333,1.4095448560763333,t-2,Protocol_0
t-2__Bwd Header Len,-1.3072578002997726,1.3072578002997726,t-2,Bwd Header Len
t-6__Bwd Header Len,-1.302663970342618,1.302663970342618,t-6,Bwd Header Len
t-3__Bwd Header Len,-1.2832747532219944,1.2832747532219944,t-3,Bwd Header Len
t-7__Bwd Header Len,-1.279294690973662,1.279294690973662,t-7,Bwd Header Len
t-7__Protocol_0,1.261039600439972,1.261039600439972,t-7,Protocol_0
t-6__Protocol_0,1.2408213316000223,1.2408213316000223,t-6,Protocol_0
t-8__Fwd IAT Mean,-1.2119236783492924,1.2119236783492924,t-8,Fwd IAT Mean
t-9__Protocol_0,1.2113168829410181,1.2113168829410181,t-9,Protocol_0
t-4__Idle Max,1.2012731808886568,1.2012731808886568,t-4,Idle Max
t-2__Fwd IAT Mean,-1.195351678867136,1.195351678867136,t-2,Fwd IAT Mean
t-7__Fwd IAT Mean,-1.177151994783852,1.177151994783852,t-7,Fwd IAT Mean
t__Protocol_0,1.161841916550734,1.161841916550734,t,Protocol_0
t-8__Bwd Header Len,-1.1493400139247532,1.1493400139247532,t-8,Bwd Header Len
t-9__Fwd IAT Mean,-1.142423957930883,1.142423957930883,t-9,Fwd IAT Mean
t-3__Protocol_0,1.1296210551648835,1.1296210551648835,t-3,Protocol_0
t-1__Protocol_0,1.1207445491657906,1.1207445491657906,t-1,Protocol_0
t-3__Fwd IAT Mean,-1.1141637139400307,1.1141637139400307,t-3,Fwd IAT Mean
t-1__Bwd Header Len,-1.1115366174644306,1.1115366174644306,t-1,Bwd Header Len
t-1__Fwd IAT Mean,-1.077546352927346,1.077546352927346,t-1,Fwd IAT Mean
t-6__Fwd IAT Mean,-1.047618125097767,1.047618125097767,t-6,Fwd IAT Mean
t-5__Bwd Header Len,-1.0278767877866477,1.0278767877866477,t-5,Bwd Header Len
t-5__Idle Max,1.0222657872429453,1.0222657872429453,t-5,Idle Max
t-5__Protocol_0,1.0075004099971603,1.0075004099971603,t-5,Protocol_0
t-4__Protocol_0,0.9773612824599636,0.9773612824599636,t-4,Protocol_0
t-4__Bwd Header Len,-0.9659447331513381,0.9659447331513381,t-4,Bwd Header Len
t-8__Protocol_0,0.952551644777808,0.952551644777808,t-8,Protocol_0
t-5__Fwd IAT Mean,-0.9478028232761844,0.9478028232761844,t-5,Fwd IAT Mean
t-6__Fwd IAT Max,-0.8920441674485101,0.8920441674485101,t-6,Fwd IAT Max
t-2__Fwd IAT Min,0.8861117874103853,0.8861117874103853,t-2,Fwd IAT Min
t__Fwd IAT Mean,-0.8749745388437526,0.8749745388437526,t,Fwd IAT Mean
t-4__Idle Min,-0.8631843058093639,0.8631843058093639,t-4,Idle Min
t-5__Flow IAT Mean,0.8607666818314466,0.8607666818314466,t-5,Flow IAT Mean
t-7__Fwd IAT Max,-0.8599446241444425,0.8599446241444425,t-7,Fwd IAT Max
t-3__Fwd Header Len,0.8569688052557423,0.8569688052557423,t-3,Fwd Header Len
t-1__Fwd IAT Max,-0.83520061313275,0.83520061313275,t-1,Fwd IAT Max
t-9__Fwd IAT Max,-0.8113159985811859,0.8113159985811859,t-9,Fwd IAT Max
t-3__Flow IAT Mean,0.8098702923112803,0.8098702923112803,t-3,Flow IAT Mean
t-8__Pkt Len Max,-0.7947898982132652,0.7947898982132652,t-8,Pkt Len Max
t-6__Fwd Header Len,0.7945914874685563,0.7945914874685563,t-6,Fwd Header Len
t-9__Fwd Header Len,0.7935191443095984,0.7935191443095984,t-9,Fwd Header Len
t-7__Pkt Len Max,-0.7702396282692818,0.7702396282692818,t-7,Pkt Len Max
t__Idle Max,0.7693558926151504,0.7693558926151504,t,Idle Max
t-8__Flow IAT Mean,0.7639612443591725,0.7639612443591725,t-8,Flow IAT Mean
t-4__Fwd IAT Min,0.7545923339702193,0.7545923339702193,t-4,Fwd IAT Min
t-9__Fwd IAT Min,0.739470673477243,0.739470673477243,t-9,Fwd IAT Min
t-5__Bwd Pkt Len Max,0.7330333969815831,0.7330333969815831,t-5,Bwd Pkt Len Max
t-6__Flow IAT Mean,0.7330055818682465,0.7330055818682465,t-6,Flow IAT Mean
t-2__Fwd IAT Max,-0.730680459303249,0.730680459303249,t-2,Fwd IAT Max
t-1__Flow IAT Mean,0.7277144722714006,0.7277144722714006,t-1,Flow IAT Mean
t-4__Flow IAT Mean,0.7127576032694423,0.7127576032694423,t-4,Flow IAT Mean
t-3__Fwd IAT Max,-0.7000529833782387,0.7000529833782387,t-3,Fwd IAT Max
t__Flow IAT Mean,0.6979266232980764,0.6979266232980764,t,Flow IAT Mean
t__Protocol_6,-0.6936551807679906,0.6936551807679906,t,Protocol_6
t-3__Pkt Len Max,-0.6881943004240962,0.6881943004240962,t-3,Pkt Len Max
t-1__Bwd Pkt Len Max,0.6880186339137283,0.6880186339137283,t-1,Bwd Pkt Len Max
t-3__Bwd Pkt Len Max,0.6820234693019199,0.6820234693019199,t-3,Bwd Pkt Len Max
t-5__Pkt Len Max,-0.6798128435288624,0.6798128435288624,t-5,Pkt Len Max
t-5__Fwd IAT Max,-0.6795614896260409,0.6795614896260409,t-5,Fwd IAT Max
t-1__Fwd Header Len,0.6729644238635368,0.6729644238635368,t-1,Fwd Header Len
t-2__Flow IAT Mean,0.6727902812463097,0.6727902812463097,t-2,Flow IAT Mean
t-2__Fwd Pkt Len Std,0.6706984705569224,0.6706984705569224,t-2,Fwd Pkt Len Std
t__Bwd Pkt Len Max,0.6698859402485398,0.6698859402485398,t,Bwd Pkt Len Max
t-7__Fwd IAT Min,0.6665303715626931,0.6665303715626931,t-7,Fwd IAT Min
t-9__Flow IAT Mean,0.6653787410030803,0.6653787410030803,t-9,Flow IAT Mean
t__Pkt Len Std,-0.6633913306677834,0.6633913306677834,t,Pkt Len Std
t-5__Pkt Len Std,-0.6564024688131335,0.6564024688131335,t-5,Pkt Len Std
t-5__Idle Min,-0.6528611703638293,0.6528611703638293,t-5,Idle Min
t-1__Protocol_6,-0.6385057886266692,0.6385057886266692,t-1,Protocol_6
t-8__Bwd Pkt Len Max,0.6371387580682837,0.6371387580682837,t-8,Bwd Pkt Len Max
t-2__Pkt Len Std,-0.6254098055208214,0.6254098055208214,t-2,Pkt Len Std
t-6__Pkt Len Max,-0.6247080853067797,0.6247080853067797,t-6,Pkt Len Max
t-8__Fwd Header Len,0.6148961613303547,0.6148961613303547,t-8,Fwd Header Len
t-9__Idle Max,0.6148515718460762,0.6148515718460762,t-9,Idle Max
t__Fwd IAT Max,-0.6136083411460354,0.6136083411460354,t,Fwd IAT Max
t-6__Bwd Pkt Len Max,0.6104597413320719,0.6104597413320719,t-6,Bwd Pkt Len Max
t-2__Pkt Len Max,-0.6097925976725099,0.6097925976725099,t-2,Pkt Len Max
t-2__TotLen Bwd Pkts,0.6060517105790675,0.6060517105790675,t-2,TotLen Bwd Pkts
t-2__Fwd Header Len,0.6036966865738103,0.6036966865738103,t-2,Fwd Header Len
t-4__Pkt Len Std,-0.6036612510803279,0.6036612510803279,t-4,Pkt Len Std
t-4__Pkt Len Mean,-0.6014134111833002,0.6014134111833002,t-4,Pkt Len Mean
t-3__Pkt Len Std,-0.6012212424489071,0.6012212424489071,t-3,Pkt Len Std
t-2__Subflow Bwd Byts,0.5967116299251864,0.5967116299251864,t-2,Subflow Bwd Byts
t-7__Bwd Pkt Len Max,0.5854299221124721,0.5854299221124721,t-7,Bwd Pkt Len Max
t-4__Fwd IAT Max,-0.5814804982338615,0.5814804982338615,t-4,Fwd IAT Max
t-7__Fwd Pkt Len Std,0.5788097910776921,0.5788097910776921,t-7,Fwd Pkt Len Std
t-3__Idle Max,0.5737543646036118,0.5737543646036118,t-3,Idle Max
t-1__Idle Max,0.5715231895084987,0.5715231895084987,t-1,Idle Max
t-8__TotLen Bwd Pkts,0.5712458433874749,0.5712458433874749,t-8,TotLen Bwd Pkts
t-2__Protocol_6,-0.5709396665037045,0.5709396665037045,t-2,Protocol_6
t-3__Fwd Pkt Len Std,0.5675161876466083,0.5675161876466083,t-3,Fwd Pkt Len Std
t-1__Pkt Len Max,-0.5640616048852419,0.5640616048852419,t-1,Pkt Len Max
t__Fwd Pkt Len Std,0.5595391088115078,0.5595391088115078,t,Fwd Pkt Len Std
t-8__Subflow Bwd Byts,0.5509560839596567,0.5509560839596567,t-8,Subflow Bwd Byts
t-5__TotLen Bwd Pkts,0.537296226550556,0.537296226550556,t-5,TotLen Bwd Pkts
t-4__Pkt Len Var,0.5368447545743925,0.5368447545743925,t-4,Pkt Len Var
t-8__Fwd IAT Min,0.5345578655802806,0.5345578655802806,t-8,Fwd IAT Min
t-8__Fwd IAT Max,-0.5296228528396288,0.5296228528396288,t-8,Fwd IAT Max
t-3__TotLen Bwd Pkts,0.5294559941454383,0.5294559941454383,t-3,TotLen Bwd Pkts
t-7__Fwd Header Len,0.5275830352569116,0.5275830352569116,t-7,Fwd Header Len
t-2__Bwd Pkt Len Max,0.5230099631332713,0.5230099631332713,t-2,Bwd Pkt Len Max
t-5__Subflow Bwd Byts,0.5179643283615858,0.5179643283615858,t-5,Subflow Bwd Byts
t-4__Bwd Pkt Len Max,0.5164370370100834,0.5164370370100834,t-4,Bwd Pkt Len Max
t-5__Fwd Pkt Len Std,0.5137016028635948,0.5137016028635948,t-5,Fwd Pkt Len Std
t-3__Subflow Bwd Byts,0.5092183997822206,0.5092183997822206,t-3,Subflow Bwd Byts
t__Fwd Header Len,0.5043602263185553,0.5043602263185553,t,Fwd Header Len
t-6__Fwd IAT Min,0.5011554854699783,0.5011554854699783,t-6,Fwd IAT Min
t-8__Fwd Pkt Len Std,0.5004158489910583,0.5004158489910583,t-8,Fwd Pkt Len Std
t-3__Fwd IAT Min,0.49583711370177874,0.49583711370177874,t-3,Fwd IAT Min
t-9__Bwd IAT Min,-0.49517278533988457,0.49517278533988457,t-9,Bwd IAT Min
t-2__Fwd IAT Std,0.4905378074585796,0.4905378074585796,t-2,Fwd IAT Std
t-7__Flow IAT Mean,0.4885389011814903,0.4885389011814903,t-7,Flow IAT Mean
t-5__Fwd Header Len,0.4850477408272042,0.4850477408272042,t-5,Fwd Header Len
t-9__Fwd Pkt Len Std,0.4833060797954266,0.4833060797954266,t-9,Fwd Pkt Len Std
t-9__Pkt Len Max,-0.4827000632526272,0.4827000632526272,t-9,Pkt Len Max
t-2__Idle Min,-0.4821679560181983,0.4821679560181983,t-2,Idle Min
t-4__Fwd Act Data Pkts,0.4804375849896394,0.4804375849896394,t-4,Fwd Act Data Pkts
t-6__TotLen Bwd Pkts,0.4791545519206031,0.4791545519206031,t-6,TotLen Bwd Pkts
t-3__Subflow Fwd Pkts,-0.47757955628557125,0.47757955628557125,t-3,Subflow Fwd Pkts
t-3__Tot Fwd Pkts,-0.47757955628551607,0.47757955628551607,t-3,Tot Fwd Pkts
t-1__Fwd IAT Min,0.4774220563948258,0.4774220563948258,t-1,Fwd IAT Min
t-5__Pkt Len Var,0.4730968423625762,0.4730968423625762,t-5,Pkt Len Var
t-7__TotLen Bwd Pkts,0.4714453832122158,0.4714453832122158,t-7,TotLen Bwd Pkts
t-9__Tot Fwd Pkts,-0.468816443692952,0.468816443692952,t-9,Tot Fwd Pkts
t-9__Subflow Fwd Pkts,-0.468816443692952,0.468816443692952,t-9,Subflow Fwd Pkts
t-4__Pkt Len Max,-0.46270535906654925,0.46270535906654925,t-4,Pkt Len Max
t-6__Idle Min,-0.4626928229722654,0.4626928229722654,t-6,Idle Min
t-6__Idle Max,0.46211144427330764,0.46211144427330764,t-6,Idle Max
t-6__Fwd Pkt Len Std,0.45813123938839395,0.45813123938839395,t-6,Fwd Pkt Len Std
t-4__Active Mean,0.457755703863463,0.457755703863463,t-4,Active Mean
t-2__Idle Max,0.455572697655438,0.455572697655438,t-2,Idle Max
t-7__Subflow Bwd Byts,0.4538670161320481,0.4538670161320481,t-7,Subflow Bwd Byts
t-6__Subflow Bwd Byts,0.4518622594490375,0.4518622594490375,t-6,Subflow Bwd Byts
t-9__Bwd IAT Mean,0.4512011486789417,0.4512011486789417,t-9,Bwd IAT Mean
t-9__Flow IAT Min,-0.44842508687108656,0.44842508687108656,t-9,Flow IAT Min
t__Pkt Len Max,-0.44296228426747963,0.44296228426747963,t,Pkt Len Max
t-2__Flow Duration,0.43864954335329914,0.43864954335329914,t-2,Flow Duration
t-9__Fwd IAT Std,0.43666940279244204,0.43666940279244204,t-9,Fwd IAT Std
t-8__Pkt Len Std,-0.4231545048863676,0.4231545048863676,t-8,Pkt Len Std
t-8__Pkt Len Var,0.41976612135989516,0.41976612135989516,t-8,Pkt Len Var
t__Active Mean,0.41741720799694526,0.41741720799694526,t,Active Mean
t-1__Fwd Pkt Len Std,0.4138133226804085,0.4138133226804085,t-1,Fwd Pkt Len Std
t-1__Pkt Len Std,-0.41368268246478584,0.41368268246478584,t-1,Pkt Len Std
t-4__Subflow Fwd Pkts,-0.40850354106790104,0.40850354106790104,t-4,Subflow Fwd Pkts
t-4__Tot Fwd Pkts,-0.40850354106790104,0.40850354106790104,t-4,Tot Fwd Pkts
t-5__Pkt Len Mean,-0.4070561318337128,0.4070561318337128,t-5,Pkt Len Mean
t-7__Idle Max,0.40574867231722284,0.40574867231722284,t-7,Idle Max
t__Idle Mean,-0.40495189341231214,0.40495189341231214,t,Idle Mean
t-3__Protocol_6,-0.4004362539037339,0.4004362539037339,t-3,Protocol_6
t-1__Bwd IAT Min,-0.3999885985179082,0.3999885985179082,t-1,Bwd IAT Min
t__Fwd Pkt Len Max,-0.39950952417520175,0.39950952417520175,t,Fwd Pkt Len Max
t-9__Fwd Pkt Len Max,-0.3988165916389897,0.3988165916389897,t-9,Fwd Pkt Len Max
t-6__Tot Fwd Pkts,-0.3980736671762672,0.3980736671762672,t-6,Tot Fwd Pkts
t-6__Subflow Fwd Pkts,-0.3980736671762672,0.3980736671762672,t-6,Subflow Fwd Pkts
t__Fwd IAT Min,0.39704455254477,0.39704455254477,t,Fwd IAT Min
t-9__Protocol_6,-0.393912869522484,0.393912869522484,t-9,Protocol_6
t-1__Fwd IAT Std,0.3929791809242756,0.3929791809242756,t-1,Fwd IAT Std
t-4__Fwd Header Len,0.3888098137200026,0.3888098137200026,t-4,Fwd Header Len
t-7__Fwd IAT Std,0.38701889926713856,0.38701889926713856,t-7,Fwd IAT Std
t-4__Fwd IAT Std,0.38523842559826404,0.38523842559826404,t-4,Fwd IAT Std
t-8__Idle Max,0.384505771017971,0.384505771017971,t-8,Idle Max
t-4__Fwd Pkt Len Std,0.3816692561558509,0.3816692561558509,t-4,Fwd Pkt Len Std
t__Bwd IAT Min,-0.3797188100220613,0.3797188100220613,t,Bwd IAT Min
t-5__Fwd Act Data Pkts,0.37637616484831143,0.37637616484831143,t-5,Fwd Act Data Pkts
t-9__Pkt Len Var,0.3741240194638776,0.3741240194638776,t-9,Pkt Len Var
t-8__Fwd Act Data Pkts,0.3704516752112997,0.3704516752112997,t-8,Fwd Act Data Pkts
t-6__Bwd IAT Min,-0.3694959274734591,0.3694959274734591,t-6,Bwd IAT Min
t-4__Subflow Bwd Byts,0.3643631216357734,0.3643631216357734,t-4,Subflow Bwd Byts
t__TotLen Bwd Pkts,0.36295799926420824,0.36295799926420824,t,TotLen Bwd Pkts
t__Subflow Bwd Byts,0.36081884163303785,0.36081884163303785,t,Subflow Bwd Byts
t-6__Fwd Act Data Pkts,0.3579852872299661,0.3579852872299661,t-6,Fwd Act Data Pkts
t-4__TotLen Bwd Pkts,0.3575623934673351,0.3575623934673351,t-4,TotLen Bwd Pkts
t__Pkt Len Var,0.3558157010798078,0.3558157010798078,t,Pkt Len Var
t-4__Active Min,-0.3551380483014895,0.3551380483014895,t-4,Active Min
t-3__Fwd Act Data Pkts,0.35303702880162124,0.35303702880162124,t-3,Fwd Act Data Pkts
t-2__Tot Fwd Pkts,-0.3516452758678621,0.3516452758678621,t-2,Tot Fwd Pkts
t-2__Subflow Fwd Pkts,-0.3516452758678621,0.3516452758678621,t-2,Subflow Fwd Pkts
t-8__Bwd IAT Mean,0.350149332219801,0.350149332219801,t-8,Bwd IAT Mean
t-5__Active Min,-0.3498185837655963,0.3498185837655963,t-5,Active Min
t-1__TotLen Bwd Pkts,0.3495588260789771,0.3495588260789771,t-1,TotLen Bwd Pkts
t-3__Fwd IAT Std,0.3493438870419555,0.3493438870419555,t-3,Fwd IAT Std
t__Bwd IAT Mean,0.34921679754599644,0.34921679754599644,t,Bwd IAT Mean
t__Flow IAT Max,-0.34692654209517887,0.34692654209517887,t,Flow IAT Max
t-2__Pkt Len Var,0.34179012694722727,0.34179012694722727,t-2,Pkt Len Var
t-2__Fwd Pkt Len Max,-0.3414957380531934,0.3414957380531934,t-2,Fwd Pkt Len Max
t-2__Flow IAT Max,-0.33894108542331197,0.33894108542331197,t-2,Flow IAT Max
t-7__Bwd IAT Min,-0.338649742027516,0.338649742027516,t-7,Bwd IAT Min
t-7__Protocol_6,-0.33850824831923615,0.33850824831923615,t-7,Protocol_6
t-3__Pkt Len Var,0.3382692243214947,0.3382692243214947,t-3,Pkt Len Var
t__Protocol_17,0.3376937840286191,0.3376937840286191,t,Protocol_17
t-1__Subflow Bwd Byts,0.3364123503209167,0.3364123503209167,t-1,Subflow Bwd Byts
t-6__Fwd IAT Tot,0.3352355808122163,0.3352355808122163,t-6,Fwd IAT Tot
t-7__Pkt Len Var,0.33446858513024247,0.33446858513024247,t-7,Pkt Len Var
t-8__Fwd Pkt Len Max,-0.33432467968594476,0.33432467968594476,t-8,Fwd Pkt Len Max
t-7__Fwd Pkt Len Max,-0.33374771640691536,0.33374771640691536,t-7,Fwd Pkt Len Max
t-6__Fwd IAT Std,0.3321197979341742,0.3321197979341742,t-6,Fwd IAT Std
t-5__Fwd IAT Min,0.3315019208975154,0.3315019208975154,t-5,Fwd IAT Min
t-3__Fwd Pkt Len Max,-0.3311808976802251,0.3311808976802251,t-3,Fwd Pkt Len Max
t-8__Bwd IAT Min,-0.3298792786450842,0.3298792786450842,t-8,Bwd IAT Min
t__Flow Duration,0.3278064726831301,0.3278064726831301,t,Flow Duration
t__Active Min,-0.32616169400750095,0.32616169400750095,t,Active Min
t-5__Fwd IAT Std,0.3256637024158315,0.3256637024158315,t-5,Fwd IAT Std
t-1__Protocol_17,0.3236417592722833,0.3236417592722833,t-1,Protocol_17
t-8__Subflow Fwd Pkts,-0.3228564306388122,0.3228564306388122,t-8,Subflow Fwd Pkts
t-8__Tot Fwd Pkts,-0.32285643063880104,0.32285643063880104,t-8,Tot Fwd Pkts
t-2__Fwd Act Data Pkts,0.32275315455491344,0.32275315455491344,t-2,Fwd Act Data Pkts
t-6__Pkt Len Var,0.3204690763771196,0.3204690763771196,t-6,Pkt Len Var
t-6__Protocol_6,-0.3180611746813518,0.3180611746813518,t-6,Protocol_6
t-8__Active Min,-0.31750125988468786,0.31750125988468786,t-8,Active Min
t-3__Active Min,-0.3168656246477447,0.3168656246477447,t-3,Active Min
t-7__Fwd Act Data Pkts,0.31474954801977967,0.31474954801977967,t-7,Fwd Act Data Pkts
t-7__Active Std,-0.31472920532730153,0.31472920532730153,t-7,Active Std
t-5__Subflow Fwd Pkts,-0.3144900488079521,0.3144900488079521,t-5,Subflow Fwd Pkts
t-5__Tot Fwd Pkts,-0.3144900488079521,0.3144900488079521,t-5,Tot Fwd Pkts
t-7__Pkt Len Std,-0.31167161325466475,0.31167161325466475,t-7,Pkt Len Std
t-6__Fwd Pkt Len Max,-0.3084000988311845,0.3084000988311845,t-6,Fwd Pkt Len Max
t-7__Bwd IAT Mean,0.3083661562889309,0.3083661562889309,t-7,Bwd IAT Mean
t-1__Tot Fwd Pkts,-0.3048264984979253,0.3048264984979253,t-1,Tot Fwd Pkts
t-1__Subflow Fwd Pkts,-0.3048264984979253,0.3048264984979253,t-1,Subflow Fwd Pkts
t-6__Idle Mean,0.3034540103198966,0.3034540103198966,t-6,Idle Mean
t-8__Fwd IAT Std,0.30170058228072205,0.30170058228072205,t-8,Fwd IAT Std
t-5__Active Std,-0.30167854890653023,0.30167854890653023,t-5,Active Std
t-9__Pkt Len Std,-0.2984448995829421,0.2984448995829421,t-9,Pkt Len Std
t-8__Active Std,-0.2940419163725801,0.2940419163725801,t-8,Active Std
t__Fwd IAT Std,0.29134004172065886,0.29134004172065886,t,Fwd IAT Std
t-1__Bwd IAT Mean,0.2902596597211867,0.2902596597211867,t-1,Bwd IAT Mean
t-2__Idle Mean,0.2895704369474526,0.2895704369474526,t-2,Idle Mean
t-9__TotLen Bwd Pkts,0.2894547131708992,0.2894547131708992,t-9,TotLen Bwd Pkts
t-5__Active Mean,0.28713769715054177,0.28713769715054177,t-5,Active Mean
t-1__Active Min,-0.2867107535736747,0.2867107535736747,t-1,Active Min
t-3__Active Std,-0.28388891964342483,0.28388891964342483,t-3,Active Std
t-1__Pkt Len Mean,-0.2822779216150377,0.2822779216150377,t-1,Pkt Len Mean
t-8__Flow IAT Min,-0.2816816497158836,0.2816816497158836,t-8,Flow IAT Min
t-9__Bwd Pkt Len Max,0.28128471243573705,0.28128471243573705,t-9,Bwd Pkt Len Max
t-1__Fwd Pkt Len Max,-0.2802016495671651,0.2802016495671651,t-1,Fwd Pkt Len Max
t-7__Active Min,-0.2790643033467337,0.2790643033467337,t-7,Active Min
t-9__Idle Mean,0.2782545005903617,0.2782545005903617,t-9,Idle Mean
t__Tot Bwd Pkts,-0.2777270800288356,0.2777270800288356,t,Tot Bwd Pkts
t__Subflow Bwd Pkts,-0.2777270800288356,0.2777270800288356,t,Subflow Bwd Pkts
t-9__Bwd Header Len,-0.2762235134993831,0.2762235134993831,t-9,Bwd Header Len
t-1__Active Std,-0.27167927866590097,0.27167927866590097,t-1,Active Std
t-1__Flow IAT Max,-0.2713876336615617,0.2713876336615617,t-1,Flow IAT Max
t__Subflow Fwd Pkts,-0.2663083681482861,0.2663083681482861,t,Subflow Fwd Pkts
t__Tot Fwd Pkts,-0.2663083681482861,0.2663083681482861,t,Tot Fwd Pkts
t-3__Pkt Size Avg,-0.26605582887411733,0.26605582887411733,t-3,Pkt Size Avg
t-9__Active Min,-0.26587531826148614,0.26587531826148614,t-9,Active Min
t-9__Subflow Bwd Byts,0.26404365726542217,0.26404365726542217,t-9,Subflow Bwd Byts
t-4__Active Std,-0.2636913678877189,0.2636913678877189,t-4,Active Std
t-6__Bwd IAT Mean,0.26280994147449577,0.26280994147449577,t-6,Bwd IAT Mean
t__Fwd Seg Size Min,0.2626076752322454,0.2626076752322454,t,Fwd Seg Size Min
t-5__Flow IAT Min,-0.26075275263991565,0.26075275263991565,t-5,Flow IAT Min
t-4__Subflow Bwd Pkts,0.25956588359024174,0.25956588359024174,t-4,Subflow Bwd Pkts
t-4__Tot Bwd Pkts,0.25956588359024174,0.25956588359024174,t-4,Tot Bwd Pkts
t-1__Fwd IAT Tot,0.25508543887363094,0.25508543887363094,t-1,Fwd IAT Tot
t-6__Active Min,-0.2530703370467872,0.2530703370467872,t-6,Active Min
t-2__Bwd IAT Min,-0.25283983825489087,0.25283983825489087,t-2,Bwd IAT Min
t-9__Pkt Len Min,0.2519498214972254,0.2519498214972254,t-9,Pkt Len Min
t-1__Bwd IAT Max,0.2517433124094342,0.2517433124094342,t-1,Bwd IAT Max
t-5__Flow Duration,0.25134362567339896,0.25134362567339896,t-5,Flow Duration
t-6__Active Std,-0.25012076512243797,0.25012076512243797,t-6,Active Std
t-2__Active Min,-0.24648493299968427,0.24648493299968427,t-2,Active Min
t-4__Bwd IAT Min,-0.24545859342575044,0.24545859342575044,t-4,Bwd IAT Min
t-6__Active Mean,0.2436624251607365,0.2436624251607365,t-6,Active Mean
t__Bwd Header Len,-0.23998135802667708,0.23998135802667708,t,Bwd Header Len
t-4__Pkt Size Avg,0.23710892629333105,0.23710892629333105,t-4,Pkt Size Avg
t-6__Flow IAT Min,-0.23369822410405766,0.23369822410405766,t-6,Flow IAT Min
t-3__Active Mean,0.23166091535886577,0.23166091535886577,t-3,Active Mean
t-4__Bwd IAT Mean,0.23081652011561407,0.23081652011561407,t-4,Bwd IAT Mean
t-2__Bwd IAT Max,0.23072642496147303,0.23072642496147303,t-2,Bwd IAT Max
t-2__Bwd Pkt Len Std,0.23046894607174245,0.23046894607174245,t-2,Bwd Pkt Len Std
t-5__Protocol_6,-0.22509111719516273,0.22509111719516273,t-5,Protocol_6
t-3__Idle Mean,-0.2235616309294927,0.2235616309294927,t-3,Idle Mean
t-2__Flow IAT Min,-0.22197708276798572,0.22197708276798572,t-2,Flow IAT Min
t-9__Active Std,-0.22195725330873173,0.22195725330873173,t-9,Active Std
t-5__Fwd Pkt Len Max,-0.22150714388901507,0.22150714388901507,t-5,Fwd Pkt Len Max
t-9__Idle Min,-0.22109963508507474,0.22109963508507474,t-9,Idle Min
t-6__Pkt Len Std,-0.22046149438877288,0.22046149438877288,t-6,Pkt Len Std
t-4__Protocol_6,-0.219943271657206,0.219943271657206,t-4,Protocol_6
t-9__Fwd Act Data Pkts,0.21951839973546478,0.21951839973546478,t-9,Fwd Act Data Pkts
t__Flow IAT Min,-0.21776739122814248,0.21776739122814248,t,Flow IAT Min
t-1__Fwd Seg Size Min,0.21747069271402603,0.21747069271402603,t-1,Fwd Seg Size Min
t-9__Flow IAT Std,-0.2156933517257613,0.2156933517257613,t-9,Flow IAT Std
t-7__Tot Fwd Pkts,-0.21544192772169665,0.21544192772169665,t-7,Tot Fwd Pkts
t-7__Subflow Fwd Pkts,-0.21544192772169665,0.21544192772169665,t-7,Subflow Fwd Pkts
t-7__Pkt Len Mean,-0.20839891184858064,0.20839891184858064,t-7,Pkt Len Mean
t-3__Bwd IAT Min,-0.20771683601768162,0.20771683601768162,t-3,Bwd IAT Min
t-2__Active Mean,0.2028784733757791,0.2028784733757791,t-2,Active Mean
t-8__Pkt Size Avg,-0.1998556166014119,0.1998556166014119,t-8,Pkt Size Avg
t-2__Active Std,-0.19831820322745122,0.19831820322745122,t-2,Active Std
t-9__Pkt Len Mean,-0.19648473592873822,0.19648473592873822,t-9,Pkt Len Mean
t-8__Protocol_6,-0.19578031032278284,0.19578031032278284,t-8,Protocol_6
t-6__Bwd IAT Max,0.19545127148463892,0.19545127148463892,t-6,Bwd IAT Max
t-7__Active Mean,0.19542727769303717,0.19542727769303717,t-7,Active Mean
t__Active Std,-0.1952385634919462,0.1952385634919462,t,Active Std
t-1__Fwd Act Data Pkts,0.194183352740476,0.194183352740476,t-1,Fwd Act Data Pkts
t-9__Pkt Size Avg,-0.1928337278269742,0.1928337278269742,t-9,Pkt Size Avg
t-4__Flow IAT Max,-0.1925039128536682,0.1925039128536682,t-4,Flow IAT Max
t-1__Active Max,0.19030826678088827,0.19030826678088827,t-1,Active Max
t-3__Bwd IAT Max,0.18956656588837692,0.18956656588837692,t-3,Bwd IAT Max
t-8__Active Mean,0.18853264466233566,0.18853264466233566,t-8,Active Mean
t__Pkt Size Avg,-0.1883368598165079,0.1883368598165079,t,Pkt Size Avg
t-2__Fwd Pkts/s,-0.18663313855572952,0.18663313855572952,t-2,Fwd Pkts/s
t-9__TotLen Fwd Pkts,0.18187911263890547,0.18187911263890547,t-9,TotLen Fwd Pkts
t-9__Subflow Fwd Byts,0.18187911263890547,0.18187911263890547,t-9,Subflow Fwd Byts
t-5__Fwd Pkts/s,-0.18020024580493532,0.18020024580493532,t-5,Fwd Pkts/s
t__TotLen Fwd Pkts,0.1794411066885854,0.1794411066885854,t,TotLen Fwd Pkts
t__Subflow Fwd Byts,0.1794411066885854,0.1794411066885854,t,Subflow Fwd Byts
t-3__Flow IAT Max,-0.17756480034436248,0.17756480034436248,t-3,Flow IAT Max
t__Idle Min,0.17691231011499406,0.17691231011499406,t,Idle Min
t-8__TotLen Fwd Pkts,0.17053425770118188,0.17053425770118188,t-8,TotLen Fwd Pkts
t-8__Subflow Fwd Byts,0.17053425770117747,0.17053425770117747,t-8,Subflow Fwd Byts
t-3__Idle Min,-0.1667555044887728,0.1667555044887728,t-3,Idle Min
t-7__Flow IAT Max,0.1663102250037755,0.1663102250037755,t-7,Flow IAT Max
t-9__Active Mean,0.16524472332895718,0.16524472332895718,t-9,Active Mean
t-2__Flow Pkts/s,0.16372553154568698,0.16372553154568698,t-2,Flow Pkts/s
t-3__Flow Duration,0.1630254528740219,0.1630254528740219,t-3,Flow Duration
t-7__Pkt Len Min,0.16262847314204662,0.16262847314204662,t-7,Pkt Len Min
t-2__Fwd IAT Tot,-0.16215834368392693,0.16215834368392693,t-2,Fwd IAT Tot
t-6__Pkt Size Avg,-0.1620227124443086,0.1620227124443086,t-6,Pkt Size Avg
t__Fwd IAT Tot,-0.1615446660505982,0.1615446660505982,t,Fwd IAT Tot
t-3__Down/Up Ratio,0.15981104193446508,0.15981104193446508,t-3,Down/Up Ratio
t-3__Flow IAT Min,-0.15669779697258512,0.15669779697258512,t-3,Flow IAT Min
t-3__Fwd IAT Tot,0.15543558501569027,0.15543558501569027,t-3,Fwd IAT Tot
t-5__Flow Pkts/s,0.15506135541651073,0.15506135541651073,t-5,Flow Pkts/s
t-5__Bwd IAT Min,-0.1547516316411101,0.1547516316411101,t-5,Bwd IAT Min
t-4__Idle Std,-0.15457207974927326,0.15457207974927326,t-4,Idle Std
t-1__Bwd Pkt Len Min,-0.1541040162271761,0.1541040162271761,t-1,Bwd Pkt Len Min
t-2__Fwd Seg Size Min,0.15407592480792653,0.15407592480792653,t-2,Fwd Seg Size Min
t-9__Bwd IAT Std,-0.1536583313231724,0.1536583313231724,t-9,Bwd IAT Std
t-4__Fwd Pkts/s,-0.1517288930474846,0.1517288930474846,t-4,Fwd Pkts/s
t-7__Fwd IAT Tot,0.15142061963390588,0.15142061963390588,t-7,Fwd IAT Tot
t-8__Pkt Len Min,0.1505638116321264,0.1505638116321264,t-8,Pkt Len Min
t-1__Tot Bwd Pkts,0.14941863708850253,0.14941863708850253,t-1,Tot Bwd Pkts
t-1__Subflow Bwd Pkts,0.14941863708850253,0.14941863708850253,t-1,Subflow Bwd Pkts
t-9__Down/Up Ratio,0.1492499344608056,0.1492499344608056,t-9,Down/Up Ratio
t-1__Idle Mean,-0.14906246376958365,0.14906246376958365,t-1,Idle Mean
t-5__Init Bwd Win Byts,0.1489753795624378,0.1489753795624378,t-5,Init Bwd Win Byts
t-4__Pkt Len Min,0.14811633167953905,0.14811633167953905,t-4,Pkt Len Min
t-6__Subflow Bwd Pkts,0.14588870460784148,0.14588870460784148,t-6,Subflow Bwd Pkts
t-6__Tot Bwd Pkts,0.14588870460784148,0.14588870460784148,t-6,Tot Bwd Pkts
t-6__Fwd Pkts/s,-0.1457131081261727,0.1457131081261727,t-6,Fwd Pkts/s
t-2__Fwd Pkt Len Min,0.14550848922274795,0.14550848922274795,t-2,Fwd Pkt Len Min
t-9__Bwd Pkt Len Std,0.14347184041028763,0.14347184041028763,t-9,Bwd Pkt Len Std
t-1__Bwd IAT Std,-0.14209892375673008,0.14209892375673008,t-1,Bwd IAT Std
t-8__Active Max,0.1420686198501636,0.1420686198501636,t-8,Active Max
t-7__Pkt Size Avg,-0.14188286514181542,0.14188286514181542,t-7,Pkt Size Avg
t-1__Bwd Seg Size Avg,0.14088084752276495,0.14088084752276495,t-1,Bwd Seg Size Avg
t-1__Bwd Pkt Len Mean,0.14088084752276495,0.14088084752276495,t-1,Bwd Pkt Len Mean
t-1__Fwd Pkts/s,-0.14047970264830573,0.14047970264830573,t-1,Fwd Pkts/s
t-1__Active Mean,0.14014809069344172,0.14014809069344172,t-1,Active Mean
t-4__Flow IAT Min,-0.14000833243915586,0.14000833243915586,t-4,Flow IAT Min
t-9__Fwd Pkts/s,-0.1392405121724143,0.1392405121724143,t-9,Fwd Pkts/s
t-6__Flow Pkts/s,0.1384781730037668,0.1384781730037668,t-6,Flow Pkts/s
t-9__Fwd Seg Size Min,0.13782421184507293,0.13782421184507293,t-9,Fwd Seg Size Min
t-8__Bwd Pkt Len Std,0.13748034520846925,0.13748034520846925,t-8,Bwd Pkt Len Std
t-4__Flow Duration,0.1352966746539282,0.1352966746539282,t-4,Flow Duration
t-7__Bwd IAT Max,0.1352778630115466,0.1352778630115466,t-7,Bwd IAT Max
t-9__Flow Pkts/s,0.13407641787982344,0.13407641787982344,t-9,Flow Pkts/s
t-1__Pkt Len Var,0.13280978157753418,0.13280978157753418,t-1,Pkt Len Var
t-8__Down/Up Ratio,0.13167723075782164,0.13167723075782164,t-8,Down/Up Ratio
t-3__Tot Bwd Pkts,0.13084361747200104,0.13084361747200104,t-3,Tot Bwd Pkts
t-3__Subflow Bwd Pkts,0.13084361747199594,0.13084361747199594,t-3,Subflow Bwd Pkts
t-4__Flow Pkts/s,0.13078082435355665,0.13078082435355665,t-4,Flow Pkts/s
t-9__Flow IAT Max,-0.13060128739165858,0.13060128739165858,t-9,Flow IAT Max
t-2__Bwd IAT Mean,0.1298128394923318,0.1298128394923318,t-2,Bwd IAT Mean
t-8__Flow IAT Std,-0.12909080490964225,0.12909080490964225,t-8,Flow IAT Std
t-4__Init Bwd Win Byts,0.1282028686683776,0.1282028686683776,t-4,Init Bwd Win Byts
t-7__Fwd Pkts/s,-0.12735992042061528,0.12735992042061528,t-7,Fwd Pkts/s
t-1__Init Bwd Win Byts,0.1272698129746309,0.1272698129746309,t-1,Init Bwd Win Byts
t-1__Flow IAT Min,0.12715966684400726,0.12715966684400726,t-1,Flow IAT Min
t-5__Bwd IAT Max,0.12691372785214075,0.12691372785214075,t-5,Bwd IAT Max
t-1__Idle Min,-0.12670876219975738,0.12670876219975738,t-1,Idle Min
t-3__Bwd Pkt Len Std,0.12650838816029403,0.12650838816029403,t-3,Bwd Pkt Len Std
t-1__Flow Pkts/s,0.12603036093165518,0.12603036093165518,t-1,Flow Pkts/s
t-3__Fwd Seg Size Min,0.12584512530524358,0.12584512530524358,t-3,Fwd Seg Size Min
t-4__Down/Up Ratio,0.12575464732717367,0.12575464732717367,t-4,Down/Up Ratio
t-1__Subflow Fwd Byts,0.124974845380854,0.124974845380854,t-1,Subflow Fwd Byts
t-1__TotLen Fwd Pkts,0.124974845380854,0.124974845380854,t-1,TotLen Fwd Pkts
t__Active Max,-0.12450193139643635,0.12450193139643635,t,Active Max
t-7__Flow IAT Std,-0.1236731059602269,0.1236731059602269,t-7,Flow IAT Std
t__Fwd Act Data Pkts,0.12366924766395432,0.12366924766395432,t,Fwd Act Data Pkts
t-7__Down/Up Ratio,0.12365690959440356,0.12365690959440356,t-7,Down/Up Ratio
t-9__Init Bwd Win Byts,0.12364311872006567,0.12364311872006567,t-9,Init Bwd Win Byts
t__Init Bwd Win Byts,0.12090082795750119,0.12090082795750119,t,Init Bwd Win Byts
t-5__Flow IAT Max,-0.12021898965144194,0.12021898965144194,t-5,Flow IAT Max
t-3__Active Max,0.12005841265627296,0.12005841265627296,t-3,Active Max
t-3__Subflow Fwd Byts,0.11934264770089764,0.11934264770089764,t-3,Subflow Fwd Byts
t-3__TotLen Fwd Pkts,0.11934264770089764,0.11934264770089764,t-3,TotLen Fwd Pkts
t-5__Idle Std,-0.11920008943218628,0.11920008943218628,t-5,Idle Std
t-8__Fwd IAT Tot,0.11762754311751715,0.11762754311751715,t-8,Fwd IAT Tot
t-6__Protocol_17,-0.11687963710729,0.11687963710729,t-6,Protocol_17
t-7__Protocol_17,-0.11665083230934827,0.11665083230934827,t-7,Protocol_17
t-9__Fwd IAT Tot,0.11661654817718933,0.11661654817718933,t-9,Fwd IAT Tot
t-7__Flow Pkts/s,0.11632514205235576,0.11632514205235576,t-7,Flow Pkts/s
t-7__Flow IAT Min,-0.1141029454293251,0.1141029454293251,t-7,Flow IAT Min
t-1__Down/Up Ratio,0.11402477371290898,0.11402477371290898,t-1,Down/Up Ratio
t-6__Pkt Len Mean,-0.1138733386753355,0.1138733386753355,t-6,Pkt Len Mean
t-6__Bwd IAT Std,-0.11349948123955488,0.11349948123955488,t-6,Bwd IAT Std
t-7__Init Bwd Win Byts,0.11166381361658477,0.11166381361658477,t-7,Init Bwd Win Byts
t-6__Fwd Pkt Len Min,0.11140397459312605,0.11140397459312605,t-6,Fwd Pkt Len Min
t__Pkt Len Min,0.11051177263414431,0.11051177263414431,t,Pkt Len Min
t-4__TotLen Fwd Pkts,0.10944160059901997,0.10944160059901997,t-4,TotLen Fwd Pkts
t-4__Subflow Fwd Byts,0.10944160059901997,0.10944160059901997,t-4,Subflow Fwd Byts
t-2__TotLen Fwd Pkts,0.10942650280322085,0.10942650280322085,t-2,TotLen Fwd Pkts
t-2__Subflow Fwd Byts,0.10942650280322085,0.10942650280322085,t-2,Subflow Fwd Byts
t-3__Bwd IAT Mean,0.10844058205984686,0.10844058205984686,t-3,Bwd IAT Mean
t-7__Subflow Bwd Pkts,0.10839078874923157,0.10839078874923157,t-7,Subflow Bwd Pkts
t-7__Tot Bwd Pkts,0.10839078874923157,0.10839078874923157,t-7,Tot Bwd Pkts
t-2__Init Bwd Win Byts,0.10670599632679367,0.10670599632679367,t-2,Init Bwd Win Byts
t-7__Bwd IAT Std,-0.10578253393009518,0.10578253393009518,t-7,Bwd IAT Std
t-6__Down/Up Ratio,0.10527803967603462,0.10527803967603462,t-6,Down/Up Ratio
t-9__Flow Duration,0.10509507297356968,0.10509507297356968,t-9,Flow Duration
t-4__Fwd IAT Tot,0.10419261704152728,0.10419261704152728,t-4,Fwd IAT Tot
t-8__Idle Mean,-0.10389906828781964,0.10389906828781964,t-8,Idle Mean
t-4__Active Max,-0.10377517593561138,0.10377517593561138,t-4,Active Max
t-5__Bwd IAT Tot,-0.103334969611989,0.103334969611989,t-5,Bwd IAT Tot
t-9__Tot Bwd Pkts,-0.10189838203822887,0.10189838203822887,t-9,Tot Bwd Pkts
t-9__Subflow Bwd Pkts,-0.10189838203822887,0.10189838203822887,t-9,Subflow Bwd Pkts
t-1__Pkt Len Min,0.10086934422299451,0.10086934422299451,t-1,Pkt Len Min
t-7__Flow Duration,0.10016587773102503,0.10016587773102503,t-7,Flow Duration
t-3__Init Bwd Win Byts,0.09792695710623127,0.09792695710623127,t-3,Init Bwd Win Byts
t-8__Init Bwd Win Byts,0.09760484956352748,0.09760484956352748,t-8,Init Bwd Win Byts
t-4__Bwd IAT Max,0.0971373037451178,0.0971373037451178,t-4,Bwd IAT Max
t-1__Bwd Pkt Len Std,-0.09623696081452626,0.09623696081452626,t-1,Bwd Pkt Len Std
t-7__Idle Min,-0.09601044027105254,0.09601044027105254,t-7,Idle Min
t__Down/Up Ratio,0.09592440654968001,0.09592440654968001,t,Down/Up Ratio
t-6__Pkt Len Min,0.09570624747889053,0.09570624747889053,t-6,Pkt Len Min
t-6__Bwd IAT Tot,-0.09499309822000682,0.09499309822000682,t-6,Bwd IAT Tot
t-8__Fwd Pkts/s,-0.0947323837527413,0.0947323837527413,t-8,Fwd Pkts/s
t-8__Flow Duration,0.09441462890614713,0.09441462890614713,t-8,Flow Duration
t-5__Down/Up Ratio,0.09377768727723017,0.09377768727723017,t-5,Down/Up Ratio
t-2__Down/Up Ratio,0.09322052652385895,0.09322052652385895,t-2,Down/Up Ratio
t-7__Fwd Pkt Len Min,0.0929069354148348,0.0929069354148348,t-7,Fwd Pkt Len Min
t-5__Flow IAT Std,-0.09090243751624745,0.09090243751624745,t-5,Flow IAT Std
t-3__Fwd Pkt Len Min,0.09087909716370791,0.09087909716370791,t-3,Fwd Pkt Len Min
t-7__Bwd IAT Tot,-0.09055064867818441,0.09055064867818441,t-7,Bwd IAT Tot
t-3__Bwd IAT Tot,-0.09006360161948843,0.09006360161948843,t-3,Bwd IAT Tot
t-3__Pkt Len Min,0.08927068890184091,0.08927068890184091,t-3,Pkt Len Min
t__Fwd Pkts/s,-0.08825848358166138,0.08825848358166138,t,Fwd Pkts/s
t-2__Bwd IAT Tot,-0.08808811308903113,0.08808811308903113,t-2,Bwd IAT Tot
t-7__Active Max,0.08783136444837958,0.08783136444837958,t-7,Active Max
t-4__Flow IAT Std,-0.08761069378557657,0.08761069378557657,t-4,Flow IAT Std
t-5__Bwd IAT Mean,0.08741540480328926,0.08741540480328926,t-5,Bwd IAT Mean
t-8__Fwd Seg Size Min,0.08612152896478158,0.08612152896478158,t-8,Fwd Seg Size Min
t-4__Fwd Pkt Len Max,-0.08585178800462163,0.08585178800462163,t-4,Fwd Pkt Len Max
t-5__Fwd Pkt Len Min,0.08465225277076349,0.08465225277076349,t-5,Fwd Pkt Len Min
t-3__Bwd IAT Std,-0.08380081641535593,0.08380081641535593,t-3,Bwd IAT Std
t-4__PSH Flag Cnt,0.08361012126302048,0.08361012126302048,t-4,PSH Flag Cnt
t-6__Init Bwd Win Byts,0.08286293570051233,0.08286293570051233,t-6,Init Bwd Win Byts
t-7__Fwd Seg Size Min,0.08263969469450573,0.08263969469450573,t-7,Fwd Seg Size Min
t-9__Active Max,0.08228206512931899,0.08228206512931899,t-9,Active Max
t-2__Subflow Bwd Pkts,0.08123216704757404,0.08123216704757404,t-2,Subflow Bwd Pkts
t-2__Tot Bwd Pkts,0.08123216704757404,0.08123216704757404,t-2,Tot Bwd Pkts
t-5__Subflow Fwd Byts,0.08016520341829315,0.08016520341829315,t-5,Subflow Fwd Byts
t-5__TotLen Fwd Pkts,0.08016520341829315,0.08016520341829315,t-5,TotLen Fwd Pkts
t-2__Bwd IAT Std,-0.07939006715599284,0.07939006715599284,t-2,Bwd IAT Std
t-9__Bwd IAT Tot,-0.078731266393003,0.078731266393003,t-9,Bwd IAT Tot
t-5__Active Max,0.07696582728900075,0.07696582728900075,t-5,Active Max
t-3__Protocol_17,0.07669571855021368,0.07669571855021368,t-3,Protocol_17
t-5__PSH Flag Cnt,0.07532094640057292,0.07532094640057292,t-5,PSH Flag Cnt
t-5__Bwd Seg Size Avg,0.07465748469982733,0.07465748469982733,t-5,Bwd Seg Size Avg
t-5__Bwd Pkt Len Mean,0.07465748469982733,0.07465748469982733,t-5,Bwd Pkt Len Mean
t-5__Fwd Seg Size Min,0.07459468634985486,0.07459468634985486,t-5,Fwd Seg Size Min
t-8__Flow IAT Max,0.07395624623480947,0.07395624623480947,t-8,Flow IAT Max
t-5__Pkt Len Min,0.07287511507322618,0.07287511507322618,t-5,Pkt Len Min
t__ECE Flag Cnt,0.07221506399075336,0.07221506399075336,t,ECE Flag Cnt
t__Bwd IAT Std,-0.07131494454339841,0.07131494454339841,t,Bwd IAT Std
t-9__Bwd Pkt Len Min,0.07052968368105328,0.07052968368105328,t-9,Bwd Pkt Len Min
t-6__Fwd Seg Size Min,0.06937906351218613,0.06937906351218613,t-6,Fwd Seg Size Min
t__RST Flag Cnt,-0.06818322422874504,0.06818322422874504,t,RST Flag Cnt
t-6__Flow Duration,-0.0681696908525287,0.0681696908525287,t-6,Flow Duration
t__Flow Pkts/s,0.06751725079052914,0.06751725079052914,t,Flow Pkts/s
t-1__Bwd IAT Tot,-0.06722640985388192,0.06722640985388192,t-1,Bwd IAT Tot
t-8__Flow Pkts/s,0.06617810574252915,0.06617810574252915,t-8,Flow Pkts/s
t-9__Fwd Pkt Len Min,-0.06573362854731349,0.06573362854731349,t-9,Fwd Pkt Len Min
t-5__Bwd Pkt Len Std,-0.0653371356386735,0.0653371356386735,t-5,Bwd Pkt Len Std
t-3__Flow Pkts/s,-0.06525256405723576,0.06525256405723576,t-3,Flow Pkts/s
t__Bwd IAT Max,0.06434779090665828,0.06434779090665828,t,Bwd IAT Max
t-6__Bwd Pkt Len Std,-0.06378935408332367,0.06378935408332367,t-6,Bwd Pkt Len Std
t-2__Pkt Size Avg,-0.06368823056758173,0.06368823056758173,t-2,Pkt Size Avg
t-8__Bwd Pkt Len Min,0.0634228478961712,0.0634228478961712,t-8,Bwd Pkt Len Min
t-4__Bwd IAT Std,-0.06183219785695974,0.06183219785695974,t-4,Bwd IAT Std
t-5__Idle Mean,-0.061769757301074604,0.061769757301074604,t-5,Idle Mean
t-1__RST Flag Cnt,-0.061314782473929665,0.061314782473929665,t-1,RST Flag Cnt
t-9__Fwd Pkt Len Mean,0.06078904116789858,0.06078904116789858,t-9,Fwd Pkt Len Mean
t-9__Fwd Seg Size Avg,0.06078904116789858,0.06078904116789858,t-9,Fwd Seg Size Avg
t-2__Fwd Pkt Len Mean,-0.06076280025883409,0.06076280025883409,t-2,Fwd Pkt Len Mean
t-2__Fwd Seg Size Avg,-0.060762800258798357,0.060762800258798357,t-2,Fwd Seg Size Avg
t-8__PSH Flag Cnt,0.06039240938625108,0.06039240938625108,t-8,PSH Flag Cnt
t-5__Pkt Size Avg,0.0590628660271924,0.0590628660271924,t-5,Pkt Size Avg
t-8__Bwd IAT Tot,-0.05849767832775415,0.05849767832775415,t-8,Bwd IAT Tot
t-3__Bwd Seg Size Avg,0.05698197097315244,0.05698197097315244,t-3,Bwd Seg Size Avg
t-3__Bwd Pkt Len Mean,0.05698197097315244,0.05698197097315244,t-3,Bwd Pkt Len Mean
t-9__Bwd Pkts/s,-0.05535484622600706,0.05535484622600706,t-9,Bwd Pkts/s
t-2__PSH Flag Cnt,0.05522260198997491,0.05522260198997491,t-2,PSH Flag Cnt
t-7__ACK Flag Cnt,-0.05515575932336271,0.05515575932336271,t-7,ACK Flag Cnt
t-4__Bwd Pkt Len Std,-0.05324358226485172,0.05324358226485172,t-4,Bwd Pkt Len Std
t__PSH Flag Cnt,0.05308177877599703,0.05308177877599703,t,PSH Flag Cnt
t-8__Bwd IAT Std,-0.05258486379367666,0.05258486379367666,t-8,Bwd IAT Std
t-8__Pkt Len Mean,-0.05219265334066874,0.05219265334066874,t-8,Pkt Len Mean
t-6__ACK Flag Cnt,-0.052146805494475125,0.052146805494475125,t-6,ACK Flag Cnt
t-8__Bwd Pkts/s,-0.051275373809409226,0.051275373809409226,t-8,Bwd Pkts/s
t-7__Bwd Pkt Len Std,0.05049148503522718,0.05049148503522718,t-7,Bwd Pkt Len Std
t-7__Bwd Pkt Len Mean,0.05030165382493201,0.05030165382493201,t-7,Bwd Pkt Len Mean
t-7__Bwd Seg Size Avg,0.05030165382493201,0.05030165382493201,t-7,Bwd Seg Size Avg
t-9__Bwd IAT Max,0.050113123830531736,0.050113123830531736,t-9,Bwd IAT Max
t-3__Pkt Len Mean,-0.04972951861833016,0.04972951861833016,t-3,Pkt Len Mean
t-1__Flow IAT Std,0.04931053904760707,0.04931053904760707,t-1,Flow IAT Std
t-1__ACK Flag Cnt,0.04924728036949296,0.04924728036949296,t-1,ACK Flag Cnt
t-8__Protocol_17,0.04910918535628191,0.04910918535628191,t-8,Protocol_17
t-4__Bwd IAT Tot,-0.04871282118272057,0.04871282118272057,t-4,Bwd IAT Tot
t-6__Idle Std,-0.048532482807278815,0.048532482807278815,t-6,Idle Std
t-4__Protocol_17,0.048462509008238,0.048462509008238,t-4,Protocol_17
t-6__Subflow Fwd Byts,0.04781352351258453,0.04781352351258453,t-6,Subflow Fwd Byts
t-6__TotLen Fwd Pkts,0.04781352351258453,0.04781352351258453,t-6,TotLen Fwd Pkts
t-4__Fwd Seg Size Min,0.045098476844414176,0.045098476844414176,t-4,Fwd Seg Size Min
t-6__Flow IAT Std,-0.04495534815264422,0.04495534815264422,t-6,Flow IAT Std
t-3__PSH Flag Cnt,0.044152683104161435,0.044152683104161435,t-3,PSH Flag Cnt
t-8__RST Flag Cnt,-0.04370191883871106,0.04370191883871106,t-8,RST Flag Cnt
t__Flow IAT Std,-0.04294936871072047,0.04294936871072047,t,Flow IAT Std
t__Bwd IAT Tot,-0.04281874614982039,0.04281874614982039,t,Bwd IAT Tot
t-3__Flow IAT Std,0.04151703833487267,0.04151703833487267,t-3,Flow IAT Std
t-3__Fwd Pkts/s,0.04106648377345368,0.04106648377345368,t-3,Fwd Pkts/s
t-2__Bwd Pkt Len Min,0.040965389236279674,0.040965389236279674,t-2,Bwd Pkt Len Min
t-1__Fwd Pkt Len Mean,0.04002537252471673,0.04002537252471673,t-1,Fwd Pkt Len Mean
t-1__Fwd Seg Size Avg,0.04002537252471673,0.04002537252471673,t-1,Fwd Seg Size Avg
t__Bwd Pkt Len Std,-0.03929854197296024,0.03929854197296024,t,Bwd Pkt Len Std
t-6__Flow IAT Max,0.03918745186190231,0.03918745186190231,t-6,Flow IAT Max
t-9__Bwd Seg Size Avg,0.038556657652897945,0.038556657652897945,t-9,Bwd Seg Size Avg
t-9__Bwd Pkt Len Mean,0.038556657652897945,0.038556657652897945,t-9,Bwd Pkt Len Mean
t-6__RST Flag Cnt,-0.038083431142068316,0.038083431142068316,t-6,RST Flag Cnt
t-2__Idle Std,-0.03805133442586706,0.03805133442586706,t-2,Idle Std
t-3__Init Fwd Win Byts,-0.036530258989790995,0.036530258989790995,t-3,Init Fwd Win Byts
t-2__Bwd Pkt Len Mean,-0.03605427016363354,0.03605427016363354,t-2,Bwd Pkt Len Mean
t-2__Bwd Seg Size Avg,-0.03605427016363354,0.03605427016363354,t-2,Bwd Seg Size Avg
t-7__PSH Flag Cnt,0.0358493508889128,0.0358493508889128,t-7,PSH Flag Cnt
t-9__Init Fwd Win Byts,0.03478524415491247,0.03478524415491247,t-9,Init Fwd Win Byts
t-5__Tot Bwd Pkts,0.03462413104341267,0.03462413104341267,t-5,Tot Bwd Pkts
t-5__Subflow Bwd Pkts,0.03462413104341267,0.03462413104341267,t-5,Subflow Bwd Pkts
t-7__Idle Mean,-0.03424512042348001,0.03424512042348001,t-7,Idle Mean
t-9__Flow Byts/s,0.03382766070557552,0.03382766070557552,t-9,Flow Byts/s
t-8__Idle Min,-0.03376787540011293,0.03376787540011293,t-8,Idle Min
t-6__PSH Flag Cnt,0.03303700329606868,0.03303700329606868,t-6,PSH Flag Cnt
t-5__RST Flag Cnt,-0.03289578564738313,0.03289578564738313,t-5,RST Flag Cnt
t-2__Protocol_17,-0.03272466976135033,0.03272466976135033,t-2,Protocol_17
t-7__TotLen Fwd Pkts,0.03224450534295485,0.03224450534295485,t-7,TotLen Fwd Pkts
t-7__Subflow Fwd Byts,0.03224450534295485,0.03224450534295485,t-7,Subflow Fwd Byts
t__Fwd Pkt Len Min,0.03193102237479343,0.03193102237479343,t,Fwd Pkt Len Min
t-5__ECE Flag Cnt,0.031843828822918904,0.031843828822918904,t-5,ECE Flag Cnt
t-4__URG Flag Cnt,-0.03097362292819989,0.03097362292819989,t-4,URG Flag Cnt
t-4__Bwd Pkt Len Mean,0.030935698217275924,0.030935698217275924,t-4,Bwd Pkt Len Mean
t-4__Bwd Seg Size Avg,0.030935698217275924,0.030935698217275924,t-4,Bwd Seg Size Avg
t-8__Flow Byts/s,0.030559240744719378,0.030559240744719378,t-8,Flow Byts/s
t__Bwd Seg Size Avg,0.03012484857329434,0.03012484857329434,t,Bwd Seg Size Avg
t__Bwd Pkt Len Mean,0.03012484857329434,0.03012484857329434,t,Bwd Pkt Len Mean
t__Pkt Len Mean,0.029993685538342127,0.029993685538342127,t,Pkt Len Mean
t-5__Bwd Pkts/s,-0.029884509890013986,0.029884509890013986,t-5,Bwd Pkts/s
t-3__Idle Std,-0.02951697931635125,0.02951697931635125,t-3,Idle Std
t-8__ECE Flag Cnt,0.0294921374197572,0.0294921374197572,t-8,ECE Flag Cnt
t-6__Init Fwd Win Byts,-0.028538156423552816,0.028538156423552816,t-6,Init Fwd Win Byts
t-9__PSH Flag Cnt,0.028286725291802203,0.028286725291802203,t-9,PSH Flag Cnt
t-8__Fwd Pkt Len Mean,0.027239035016030123,0.027239035016030123,t-8,Fwd Pkt Len Mean
t-8__Fwd Seg Size Avg,0.027239035016030123,0.027239035016030123,t-8,Fwd Seg Size Avg
t-7__RST Flag Cnt,-0.02557742407971672,0.02557742407971672,t-7,RST Flag Cnt
t-2__Flow Byts/s,-0.025385474079832673,0.025385474079832673,t-2,Flow Byts/s
t-1__PSH Flag Cnt,0.025229334720012018,0.025229334720012018,t-1,PSH Flag Cnt
t-1__Pkt Size Avg,0.025161911439769914,0.025161911439769914,t-1,Pkt Size Avg
t-4__Bwd Pkt Len Min,-0.025109058161212058,0.025109058161212058,t-4,Bwd Pkt Len Min
t-7__Bwd Pkts/s,-0.02494270959384891,0.02494270959384891,t-7,Bwd Pkts/s
t-4__Idle Mean,0.024875013210190287,0.024875013210190287,t-4,Idle Mean
t-3__ACK Flag Cnt,-0.02456590785868698,0.02456590785868698,t-3,ACK Flag Cnt
t-6__Flow Byts/s,-0.024188907761820262,0.024188907761820262,t-6,Flow Byts/s
t-3__Bwd Pkt Len Min,-0.024114077065460256,0.024114077065460256,t-3,Bwd Pkt Len Min
t__Bwd Pkt Len Min,-0.023590297054936708,0.023590297054936708,t,Bwd Pkt Len Min
t-5__Protocol_17,0.023471227009249262,0.023471227009249262,t-5,Protocol_17
t-2__ECE Flag Cnt,0.023164390577810477,0.023164390577810477,t-2,ECE Flag Cnt
t-2__RST Flag Cnt,-0.022886112476482416,0.022886112476482416,t-2,RST Flag Cnt
t-1__Bwd Pkts/s,-0.02260282722506462,0.02260282722506462,t-1,Bwd Pkts/s
t-3__RST Flag Cnt,-0.021889424802116742,0.021889424802116742,t-3,RST Flag Cnt
t-1__Fwd Pkt Len Min,0.021469223018645504,0.021469223018645504,t-1,Fwd Pkt Len Min
t-4__Init Fwd Win Byts,-0.02109668254667453,0.02109668254667453,t-4,Init Fwd Win Byts
t-7__Flow Byts/s,0.02079611690455207,0.02079611690455207,t-7,Flow Byts/s
t-3__SYN Flag Cnt,0.02077254004578001,0.02077254004578001,t-3,SYN Flag Cnt
t-3__Fwd PSH Flags,0.02077254004578001,0.02077254004578001,t-3,Fwd PSH Flags
t-2__Active Max,0.020504304181571332,0.020504304181571332,t-2,Active Max
t-8__Idle Std,-0.019679138306546492,0.019679138306546492,t-8,Idle Std
t-1__ECE Flag Cnt,0.01910534325647383,0.01910534325647383,t-1,ECE Flag Cnt
t-8__Fwd Pkt Len Min,0.01875632617843973,0.01875632617843973,t-8,Fwd Pkt Len Min
t-7__Fwd PSH Flags,0.0186476919960142,0.0186476919960142,t-7,Fwd PSH Flags
t-7__SYN Flag Cnt,0.018647691995973836,0.018647691995973836,t-7,SYN Flag Cnt
t-4__RST Flag Cnt,-0.018570432779785862,0.018570432779785862,t-4,RST Flag Cnt
t-9__URG Flag Cnt,0.018568433703068203,0.018568433703068203,t-9,URG Flag Cnt
t-3__Fwd Pkt Len Mean,0.018544795353107612,0.018544795353107612,t-3,Fwd Pkt Len Mean
t-3__Fwd Seg Size Avg,0.018544795353107612,0.018544795353107612,t-3,Fwd Seg Size Avg
t__ACK Flag Cnt,0.01812911953566375,0.01812911953566375,t,ACK Flag Cnt
t-5__Fwd IAT Tot,0.017838202627518566,0.017838202627518566,t-5,Fwd IAT Tot
t-2__Pkt Len Min,0.017652615159332315,0.017652615159332315,t-2,Pkt Len Min
t-5__Bwd IAT Std,-0.017467629080803605,0.017467629080803605,t-5,Bwd IAT Std
t-9__ACK Flag Cnt,0.01738339618121001,0.01738339618121001,t-9,ACK Flag Cnt
t-3__URG Flag Cnt,-0.017168803592136923,0.017168803592136923,t-3,URG Flag Cnt
t-2__Flow IAT Std,-0.017161157134423205,0.017161157134423205,t-2,Flow IAT Std
t-1__URG Flag Cnt,-0.01679277608042365,0.01679277608042365,t-1,URG Flag Cnt
t-6__Active Max,-0.01667509484208345,0.01667509484208345,t-6,Active Max
t__URG Flag Cnt,-0.01627006742948851,0.01627006742948851,t,URG Flag Cnt
t-8__Bwd Seg Size Avg,-0.0161110724288431,0.0161110724288431,t-8,Bwd Seg Size Avg
t-8__Bwd Pkt Len Mean,-0.01611107242884046,0.01611107242884046,t-8,Bwd Pkt Len Mean
t-7__URG Flag Cnt,0.015463229619906897,0.015463229619906897,t-7,URG Flag Cnt
t-6__Bwd Pkt Len Min,0.015186983940964974,0.015186983940964974,t-6,Bwd Pkt Len Min
t__Bwd Pkts/s,-0.01396902742897563,0.01396902742897563,t,Bwd Pkts/s
t-2__ACK Flag Cnt,-0.013751040841653187,0.013751040841653187,t-2,ACK Flag Cnt
t-6__Fwd Pkt Len Mean,0.013671208613072566,0.013671208613072566,t-6,Fwd Pkt Len Mean
t-6__Fwd Seg Size Avg,0.013671208613072566,0.013671208613072566,t-6,Fwd Seg Size Avg
t-6__Fwd PSH Flags,0.013501297246222841,0.013501297246222841,t-6,Fwd PSH Flags
t-6__SYN Flag Cnt,0.013501297246222841,0.013501297246222841,t-6,SYN Flag Cnt
t-7__Init Fwd Win Byts,-0.013346943360730475,0.013346943360730475,t-7,Init Fwd Win Byts
t-3__ECE Flag Cnt,0.01314728286314483,0.01314728286314483,t-3,ECE Flag Cnt
t-7__Fwd Seg Size Avg,0.012628344893893202,0.012628344893893202,t-7,Fwd Seg Size Avg
t-7__Fwd Pkt Len Mean,0.012628344893839856,0.012628344893839856,t-7,Fwd Pkt Len Mean
t-9__Protocol_17,-0.011523493607287959,0.011523493607287959,t-9,Protocol_17
t-5__Flow Byts/s,0.011276366893038814,0.011276366893038814,t-5,Flow Byts/s
t-2__Fwd PSH Flags,0.011040684178014333,0.011040684178014333,t-2,Fwd PSH Flags
t-2__SYN Flag Cnt,0.011040684178014333,0.011040684178014333,t-2,SYN Flag Cnt
t-2__URG Flag Cnt,-0.010827665840533095,0.010827665840533095,t-2,URG Flag Cnt
t-1__Fwd PSH Flags,0.01005584438800369,0.01005584438800369,t-1,Fwd PSH Flags
t-1__SYN Flag Cnt,0.01005584438800369,0.01005584438800369,t-1,SYN Flag Cnt
t__Fwd PSH Flags,0.009534481743655909,0.009534481743655909,t,Fwd PSH Flags
t__SYN Flag Cnt,0.009534481743655909,0.009534481743655909,t,SYN Flag Cnt
t-7__ECE Flag Cnt,0.00929714818389091,0.00929714818389091,t-7,ECE Flag Cnt
t-1__Idle Std,-0.009286549591616108,0.009286549591616108,t-1,Idle Std
t-2__Init Fwd Win Byts,-0.008912244117877213,0.008912244117877213,t-2,Init Fwd Win Byts
t-4__Bwd Pkts/s,-0.008799493931084288,0.008799493931084288,t-4,Bwd Pkts/s
t-1__Flow Byts/s,-0.008702164607945597,0.008702164607945597,t-1,Flow Byts/s
t-8__Bwd IAT Max,0.008248406302497237,0.008248406302497237,t-8,Bwd IAT Max
t-4__Fwd PSH Flags,0.008188062809382632,0.008188062809382632,t-4,Fwd PSH Flags
t-4__SYN Flag Cnt,0.008188062809382632,0.008188062809382632,t-4,SYN Flag Cnt
t-5__Fwd Seg Size Avg,0.007712869346319267,0.007712869346319267,t-5,Fwd Seg Size Avg
t-5__Fwd Pkt Len Mean,0.007712869346319267,0.007712869346319267,t-5,Fwd Pkt Len Mean
t-2__Pkt Len Mean,0.007648215830383304,0.007648215830383304,t-2,Pkt Len Mean
t-4__Flow Byts/s,0.0075602161124258055,0.0075602161124258055,t-4,Flow Byts/s
t__Idle Std,0.007431306559468983,0.007431306559468983,t,Idle Std
t-4__ACK Flag Cnt,0.006881979615878181,0.006881979615878181,t-4,ACK Flag Cnt
t-8__URG Flag Cnt,0.006679867429949743,0.006679867429949743,t-8,URG Flag Cnt
t-1__Flow Duration,0.006320724621185817,0.006320724621185817,t-1,Flow Duration
t-5__Fwd PSH Flags,0.006214065596207307,0.006214065596207307,t-5,Fwd PSH Flags
t-5__SYN Flag Cnt,0.006214065596207307,0.006214065596207307,t-5,SYN Flag Cnt
t__Init Fwd Win Byts,-0.006133454053548291,0.006133454053548291,t,Init Fwd Win Byts
t-9__Fwd PSH Flags,0.0058510469684538114,0.0058510469684538114,t-9,Fwd PSH Flags
t-9__SYN Flag Cnt,0.0058510469684538114,0.0058510469684538114,t-9,SYN Flag Cnt
t-6__URG Flag Cnt,0.005532226534902365,0.005532226534902365,t-6,URG Flag Cnt
t-9__RST Flag Cnt,-0.005206475906647879,0.005206475906647879,t-9,RST Flag Cnt
t-4__Fwd Seg Size Avg,-0.004715500751274243,0.004715500751274243,t-4,Fwd Seg Size Avg
t-4__Fwd Pkt Len Mean,-0.004715500751274243,0.004715500751274243,t-4,Fwd Pkt Len Mean
t-9__ECE Flag Cnt,-0.0045975056815962985,0.0045975056815962985,t-9,ECE Flag Cnt
t-8__Init Fwd Win Byts,0.004557815608128613,0.004557815608128613,t-8,Init Fwd Win Byts
t-1__Init Fwd Win Byts,-0.004514340566242904,0.004514340566242904,t-1,Init Fwd Win Byts
t__Flow Byts/s,-0.004470264968875864,0.004470264968875864,t,Flow Byts/s
t-7__Bwd Pkt Len Min,-0.004369988148555172,0.004369988148555172,t-7,Bwd Pkt Len Min
t-6__ECE Flag Cnt,0.0041425735420507846,0.0041425735420507846,t-6,ECE Flag Cnt
t-4__ECE Flag Cnt,0.003751719113130303,0.003751719113130303,t-4,ECE Flag Cnt
t-9__Idle Std,0.003686251898848036,0.003686251898848036,t-9,Idle Std
t-5__URG Flag Cnt,0.0029652083280417804,0.0029652083280417804,t-5,URG Flag Cnt
t__Fwd Seg Size Avg,-0.0028023033793702825,0.0028023033793702825,t,Fwd Seg Size Avg
t__Fwd Pkt Len Mean,-0.0028023033793702825,0.0028023033793702825,t,Fwd Pkt Len Mean
t-5__Init Fwd Win Byts,-0.0026916178242373033,0.0026916178242373033,t-5,Init Fwd Win Byts
t-7__Idle Std,0.002677052442697386,0.002677052442697386,t-7,Idle Std
t-3__Flow Byts/s,-0.002536367189492663,0.002536367189492663,t-3,Flow Byts/s
t-3__Bwd Pkts/s,-0.0018265890088087807,0.0018265890088087807,t-3,Bwd Pkts/s
t-6__Bwd Pkts/s,-0.0017399482464257913,0.0017399482464257913,t-6,Bwd Pkts/s
t-6__Bwd Seg Size Avg,0.001662457637646563,0.001662457637646563,t-6,Bwd Seg Size Avg
t-6__Bwd Pkt Len Mean,0.001662457637646563,0.001662457637646563,t-6,Bwd Pkt Len Mean
t-4__Fwd Pkt Len Min,0.0016213943025444894,0.0016213943025444894,t-4,Fwd Pkt Len Min
t-5__ACK Flag Cnt,-0.0015044404665885383,0.0015044404665885383,t-5,ACK Flag Cnt
t-5__Bwd Pkt Len Min,0.001365186252287585,0.001365186252287585,t-5,Bwd Pkt Len Min
t-8__Subflow Bwd Pkts,0.0013001504821651365,0.0013001504821651365,t-8,Subflow Bwd Pkts
t-8__Tot Bwd Pkts,0.0013001504821610365,0.0013001504821610365,t-8,Tot Bwd Pkts
t-8__ACK Flag Cnt,0.0007043062148668108,0.0007043062148668108,t-8,ACK Flag Cnt
t-8__Fwd PSH Flags,-0.0004145691831977806,0.0004145691831977806,t-8,Fwd PSH Flags
t-8__SYN Flag Cnt,-0.0004145691831977806,0.0004145691831977806,t-8,SYN Flag Cnt
t-2__Bwd Pkts/s,0.00012549370138130564,0.00012549370138130564,t-2,Bwd Pkts/s
