original_feature,total_importance,mean_importance,max_importance
Flow IAT Min,0.04588729236743676,0.004588729236743676,0.005748902478727715
Fwd IAT Min,0.04557208824674857,0.004557208824674857,0.0052511383193385745
Flow IAT Mean,0.03949392316205835,0.003949392316205835,0.004866420854837215
Fwd IAT Mean,0.03853790581297796,0.003853790581297796,0.0050344459941833244
Init Fwd Win Byts,0.02436053904653939,0.002436053904653939,0.002859090481142669
Fwd IAT Max,0.022376522509822645,0.0022376522509822646,0.002613705221843548
Flow IAT Max,0.022303480813508768,0.0022303480813508766,0.0023686481674591586
Idle Min,0.019610088820987654,0.0019610088820987653,0.0021131496348368354
Bwd IAT Min,0.017835920514017275,0.0017835920514017276,0.0019923685113202587
Idle Mean,0.017596857533666715,0.0017596857533666715,0.0020078863780378232
Fwd IAT Tot,0.016974963018827182,0.0016974963018827182,0.001797222680959556
Flow Duration,0.016768643761192265,0.0016768643761192266,0.0018578677990551962
Fwd Pkts/s,0.016377733616288723,0.0016377733616288724,0.0017338835220788921
Flow Pkts/s,0.016181734567082495,0.0016181734567082494,0.001684320816499848
Bwd Pkts/s,0.015760608800527605,0.0015760608800527605,0.001763734034477125
Flow IAT Std,0.01552543759476503,0.001552543759476503,0.0016867567052662206
Init Bwd Win Byts,0.015491941885143704,0.0015491941885143704,0.0017147043152146043
Flow Byts/s,0.015361841119586743,0.0015361841119586742,0.0016440588164258173
Idle Max,0.014860885070703886,0.0014860885070703887,0.0016841515819770766
Active Min,0.014749488754602564,0.0014749488754602564,0.0017352728043330786
Fwd Header Len,0.01471793618770738,0.001471793618770738,0.0016056561004895694
TotLen Fwd Pkts,0.014507717614927234,0.0014507717614927235,0.0015596235566250963
Pkt Size Avg,0.01448474238296937,0.001448474238296937,0.0015877099183570255
Subflow Fwd Byts,0.014480898111386625,0.0014480898111386624,0.0015217659770983298
Fwd Pkt Len Mean,0.01443231305268753,0.001443231305268753,0.0015090878599856538
Fwd IAT Std,0.014395766912466709,0.001439576691246671,0.0016262235494422519
Fwd Pkt Len Max,0.014353216548313091,0.0014353216548313092,0.001555152223461662
Fwd Seg Size Avg,0.014321524518692105,0.0014321524518692106,0.0015558241214964554
Fwd Pkt Len Std,0.01418287436432236,0.0014182874364322361,0.0015250861580493676
Pkt Len Mean,0.014081344808765923,0.0014081344808765924,0.0015278214941745693
Bwd IAT Mean,0.014041372235714366,0.0014041372235714367,0.0014833826913974947
Down/Up Ratio,0.013860305892160165,0.0013860305892160166,0.00152861727263355
Bwd IAT Tot,0.013810789753963822,0.0013810789753963821,0.0015174778335580914
Fwd Seg Size Min,0.013807233730854162,0.0013807233730854162,0.0015360953142561815
Pkt Len Var,0.013599583906815697,0.0013599583906815696,0.0014139076846571457
Pkt Len Std,0.013487688889413284,0.0013487688889413283,0.001485130863431228
Bwd IAT Std,0.013381938962082441,0.001338193896208244,0.0015293671328529812
Bwd Seg Size Avg,0.013362552872124563,0.0013362552872124562,0.0013821906374302218
Bwd Header Len,0.013299510934277543,0.0013299510934277543,0.0014282066035177956
Subflow Fwd Pkts,0.013172705265119287,0.0013172705265119288,0.0014310428387358546
Bwd Pkt Len Mean,0.01311236180111074,0.001311236180111074,0.0014205184580686845
Bwd IAT Max,0.01295982351699741,0.0012959823516997412,0.0013820603729088738
Tot Fwd Pkts,0.012673681861523765,0.0012673681861523766,0.0013208447548989496
Pkt Len Max,0.0125593027921858,0.0012559302792185798,0.0013586896405367076
Bwd Pkt Len Std,0.012033631766473919,0.0012033631766473919,0.001328851707651938
Subflow Bwd Pkts,0.012022767267053647,0.0012022767267053647,0.0012839283925561973
Subflow Bwd Byts,0.01182894100149779,0.001182894100149779,0.001247411287959106
TotLen Bwd Pkts,0.01179643186860344,0.001179643186860344,0.0013437682981614447
Bwd Pkt Len Max,0.011727018095276627,0.0011727018095276627,0.0012098766860470672
Tot Bwd Pkts,0.0116798229970351,0.00116798229970351,0.0012438209651408896
Active Mean,0.011440556773587955,0.0011440556773587955,0.0013040506082558903
Fwd Act Data Pkts,0.011273377692215866,0.0011273377692215866,0.001214868417280737
Bwd Pkt Len Min,0.010873394404799158,0.0010873394404799157,0.0011934956676327784
Active Max,0.01024014250794215,0.001024014250794215,0.001144473361445221
Idle Std,0.00960624615831918,0.000960624615831918,0.0010315031108433146
Protocol_6,0.009557013373423195,0.0009557013373423194,0.0010239428443811318
Fwd Pkt Len Min,0.009451470852586413,0.0009451470852586413,0.0010499802969420233
Pkt Len Min,0.009022261840133498,0.0009022261840133498,0.0009946448963123217
Protocol_17,0.008527250182777323,0.0008527250182777323,0.0009704495740078966
Active Std,0.007795603105065656,0.0007795603105065656,0.0008770748442588337
ACK Flag Cnt,0.00774180287424203,0.000774180287424203,0.0008589629882796777
PSH Flag Cnt,0.007293195443885556,0.0007293195443885556,0.0008336141003359774
Protocol_0,0.006827200305092083,0.0006827200305092083,0.0007978691153513735
ECE Flag Cnt,0.006814743848007986,0.0006814743848007986,0.0008267093094564117
RST Flag Cnt,0.0067411079340149935,0.0006741107934014993,0.0007636593985482243
Fwd PSH Flags,0.004656069452517448,0.00046560694525174474,0.0005658476345671524
SYN Flag Cnt,0.004460422098902366,0.0004460422098902366,0.00048121774650282444
URG Flag Cnt,0.003874444223480942,0.0003874444223480942,0.0004580412449010107
