column_name,dtype,num_unique,pct_unique,missing_count,missing_pct,infinite_count,is_numeric,min,max,mean,std,category,classification_reason,leakage_risk,in_recommended_core_set,reserved_for_later
Dst Port,int64,16149,4.878454,0,0.0,0,True,0.0,65535.0,8755.076120678978,17987.513721571217,NETWORK_IDENTIFIER,"Dst Port identifies the network context of a flow (port/protocol) rather than describing its behaviour. Retained for analysis, but potentially excluded from the first ML baseline if it creates memorization/leakage risk (see Step 3).",MEDIUM,False,True
Protocol,int64,3,0.000906,0,0.0,0,True,0.0,17.0,9.559474000610223,5.356050870315237,NETWORK_IDENTIFIER,"Protocol identifies the network context of a flow (port/protocol) rather than describing its behaviour. Retained for analysis, but potentially excluded from the first ML baseline if it creates memorization/leakage risk (see Step 3).",LOW,True,False
Timestamp,str,32068,9.687427,0,0.0,0,False,,,,,TIMESTAMP,"Records when the flow occurred. Essential for temporal ordering and later World Model sequence construction, but not treated as a normal predictive feature (see leakage analysis).",HIGH,False,True
Flow Duration,int64,153887,46.487749,0,0.0,0,True,0.0,119999992.0,14061622.18662224,34668415.43714946,NETWORK_FEATURE,"Flow Duration anchors all rate-based features and reflects how long a network interaction persisted, a core behavioural signal.",LOW,True,False
Tot Fwd Pkts,int64,328,0.099086,0,0.0,0,True,1.0,18291.0,5.553154274424744,74.03143997066844,NETWORK_FEATURE,"Counts how many packets flowed in each direction, a direct signal of flow size and traffic asymmetry useful for distinguishing scan/probe behaviour from normal sessions.",LOW,True,False
Tot Bwd Pkts,int64,408,0.123253,0,0.0,0,True,0.0,35547.0,5.647865581961592,158.05586726941323,NETWORK_FEATURE,"Counts how many packets flowed in each direction, a direct signal of flow size and traffic asymmetry useful for distinguishing scan/probe behaviour from normal sessions.",LOW,True,False
TotLen Fwd Pkts,int64,3953,1.194162,0,0.0,0,True,0.0,9789747.0,470.94597117455675,24749.54477690103,NETWORK_FEATURE,"Total bytes transferred per direction, capturing payload volume that differs between reconnaissance, exfiltration and normal traffic.",LOW,True,False
TotLen Bwd Pkts,int64,8805,2.659904,0,0.0,0,True,0.0,41900000.0,3307.7331698018593,220373.71912396568,NETWORK_FEATURE,"Total bytes transferred per direction, capturing payload volume that differs between reconnaissance, exfiltration and normal traffic.",LOW,True,False
Fwd Pkt Len Max,int64,1340,0.404801,0,0.0,0,True,0.0,1968.0,164.1952197252792,263.73787580827576,NETWORK_FEATURE,Packet-size distribution statistics distinguish traffic types (e.g. small control packets vs bulk transfer) and are commonly discriminative for attack detection.,LOW,True,False
Fwd Pkt Len Min,int64,126,0.038063,0,0.0,0,True,0.0,1460.0,16.2715125956493,41.12813612603741,NETWORK_FEATURE,Packet-size distribution statistics distinguish traffic types (e.g. small control packets vs bulk transfer) and are commonly discriminative for attack detection.,LOW,True,False
Fwd Pkt Len Mean,float64,10070,3.042048,0,0.0,0,True,0.0,1460.0,46.15544598476167,61.57902256902497,NETWORK_FEATURE,Packet-size distribution statistics distinguish traffic types (e.g. small control packets vs bulk transfer) and are commonly discriminative for attack detection.,LOW,True,False
Fwd Pkt Len Std,float64,13857,4.186063,0,0.0,0,True,0.0,1324.411001,49.77782594595291,89.5204729518995,NETWORK_FEATURE,Packet-size distribution statistics distinguish traffic types (e.g. small control packets vs bulk transfer) and are commonly discriminative for attack detection.,LOW,True,False
Bwd Pkt Len Max,int64,857,0.258891,0,0.0,0,True,0.0,65160.0,320.70556178196944,519.2012098417792,NETWORK_FEATURE,Packet-size distribution statistics distinguish traffic types (e.g. small control packets vs bulk transfer) and are commonly discriminative for attack detection.,LOW,True,False
Bwd Pkt Len Min,int64,273,0.082471,0,0.0,0,True,0.0,1212.0,33.5705486259429,54.83067543746765,NETWORK_FEATURE,Packet-size distribution statistics distinguish traffic types (e.g. small control packets vs bulk transfer) and are commonly discriminative for attack detection.,LOW,True,False
Bwd Pkt Len Mean,float64,13136,3.968256,0,0.0,0,True,0.0,33879.28358,107.81986297635018,176.07750412597835,NETWORK_FEATURE,Packet-size distribution statistics distinguish traffic types (e.g. small control packets vs bulk transfer) and are commonly discriminative for attack detection.,LOW,True,False
Bwd Pkt Len Std,float64,14800,4.470934,0,0.0,0,True,0.0,21326.2385,109.27832175239304,208.04097766952577,NETWORK_FEATURE,Packet-size distribution statistics distinguish traffic types (e.g. small control packets vs bulk transfer) and are commonly discriminative for attack detection.,LOW,True,False
Flow Byts/s,float64,171540,51.820546,1834,0.554033,1083,True,0.0,708000000.0,287480.30891631305,3557484.438234642,NETWORK_FEATURE,"Byte/packet throughput describes the intensity of a flow (e.g. bursts vs slow trickles), useful for spotting scanning or flooding behaviour. Note: contains NaN/Infinity for zero-duration flows (see Step 5).",LOW,True,False
Flow Pkts/s,float64,155521,46.981364,0,0.0,2917,True,0.016743497,3000000.0,87008.63094416303,318999.4170004056,NETWORK_FEATURE,"Byte/packet throughput describes the intensity of a flow (e.g. bursts vs slow trickles), useful for spotting scanning or flooding behaviour. Note: contains NaN/Infinity for zero-duration flows (see Step 5).",LOW,True,False
Flow IAT Mean,float64,146408,44.228416,0,0.0,0,True,0.0,119000000.0,2484330.7785879937,11842388.004552936,NETWORK_FEATURE,"Inter-arrival time statistics describe the timing rhythm of a flow, which differs between automated/scripted attack traffic and human-driven or steady-state traffic.",LOW,True,False
Flow IAT Std,float64,127942,38.650019,0,0.0,0,True,0.0,69200000.0,1178949.7734972097,3722896.503429404,NETWORK_FEATURE,"Inter-arrival time statistics describe the timing rhythm of a flow, which differs between automated/scripted attack traffic and human-driven or steady-state traffic.",LOW,True,False
Flow IAT Max,int64,83986,25.371344,0,0.0,0,True,0.0,120000000.0,5756143.424832416,16557348.930284912,NETWORK_FEATURE,"Inter-arrival time statistics describe the timing rhythm of a flow, which differs between automated/scripted attack traffic and human-driven or steady-state traffic.",LOW,True,False
Flow IAT Min,int64,24730,7.47069,0,0.0,0,True,0.0,119000000.0,1923907.5969603688,11756339.144680984,NETWORK_FEATURE,"Inter-arrival time statistics describe the timing rhythm of a flow, which differs between automated/scripted attack traffic and human-driven or steady-state traffic.",LOW,True,False
Fwd IAT Tot,int64,96006,29.002468,0,0.0,0,True,0.0,120000000.0,13807005.32577403,34595720.13659257,NETWORK_FEATURE,"Inter-arrival time statistics describe the timing rhythm of a flow, which differs between automated/scripted attack traffic and human-driven or steady-state traffic.",LOW,True,False
Fwd IAT Mean,float64,130082,39.296492,0,0.0,0,True,0.0,120000000.0,2890908.0573682343,12096981.43589205,NETWORK_FEATURE,"Inter-arrival time statistics describe the timing rhythm of a flow, which differs between automated/scripted attack traffic and human-driven or steady-state traffic.",LOW,True,False
Fwd IAT Std,float64,97961,29.593054,0,0.0,0,True,0.0,84700000.0,1362743.482049042,4504680.402113382,NETWORK_FEATURE,"Inter-arrival time statistics describe the timing rhythm of a flow, which differs between automated/scripted attack traffic and human-driven or steady-state traffic.",LOW,True,False
Fwd IAT Max,int64,95023,28.705513,0,0.0,0,True,0.0,120000000.0,5637021.25242956,16500242.610969152,NETWORK_FEATURE,"Inter-arrival time statistics describe the timing rhythm of a flow, which differs between automated/scripted attack traffic and human-driven or steady-state traffic.",LOW,True,False
Fwd IAT Min,int64,42617,12.874176,0,0.0,0,True,0.0,120000000.0,2030286.0010029394,11920058.636529919,NETWORK_FEATURE,"Inter-arrival time statistics describe the timing rhythm of a flow, which differs between automated/scripted attack traffic and human-driven or steady-state traffic.",LOW,True,False
Bwd IAT Tot,int64,69546,21.009162,0,0.0,0,True,0.0,120000000.0,9928893.70967927,29903967.89352735,NETWORK_FEATURE,"Inter-arrival time statistics describe the timing rhythm of a flow, which differs between automated/scripted attack traffic and human-driven or steady-state traffic.",LOW,True,False
Bwd IAT Mean,float64,100353,30.315654,0,0.0,0,True,0.0,120000000.0,977226.6477101678,4176676.2141461764,NETWORK_FEATURE,"Inter-arrival time statistics describe the timing rhythm of a flow, which differs between automated/scripted attack traffic and human-driven or steady-state traffic.",LOW,True,False
Bwd IAT Std,float64,85205,25.739592,0,0.0,0,True,0.0,84700000.0,1065984.6339207124,3915400.4902466186,NETWORK_FEATURE,"Inter-arrival time statistics describe the timing rhythm of a flow, which differs between automated/scripted attack traffic and human-driven or steady-state traffic.",LOW,True,False
Bwd IAT Max,int64,52382,15.824087,0,0.0,0,True,0.0,120000000.0,3273376.5796566443,11564178.593771301,NETWORK_FEATURE,"Inter-arrival time statistics describe the timing rhythm of a flow, which differs between automated/scripted attack traffic and human-driven or steady-state traffic.",LOW,True,False
Bwd IAT Min,int64,50729,15.324732,0,0.0,0,True,0.0,120000000.0,301262.285318116,3453862.9023021194,NETWORK_FEATURE,"Inter-arrival time statistics describe the timing rhythm of a flow, which differs between automated/scripted attack traffic and human-driven or steady-state traffic.",LOW,True,False
Fwd PSH Flags,int64,2,0.000604,0,0.0,0,True,0.0,1.0,0.06471979627039486,0.24603115067059586,NETWORK_FEATURE,TCP control-flag counts reveal connection setup/teardown and anomalous flag combinations often associated with scanning or evasion techniques.,LOW,True,False
Bwd PSH Flags,int64,1,0.000302,0,0.0,0,True,0.0,0.0,0.0,0.0,CONSTANT_OR_NEAR_CONSTANT,CONSTANT: dominant value '0' accounts for 100.0% of rows (1 unique value(s)). Carries little to no discriminative information in this dataset.,LOW,False,False
Fwd URG Flags,int64,2,0.000604,0,0.0,0,True,0.0,1.0,0.0028094385050162073,0.05292970832643821,CONSTANT_OR_NEAR_CONSTANT,NEAR_CONSTANT: dominant value '0' accounts for 99.72% of rows (2 unique value(s)). Carries little to no discriminative information in this dataset.,LOW,False,False
Bwd URG Flags,int64,1,0.000302,0,0.0,0,True,0.0,0.0,0.0,0.0,CONSTANT_OR_NEAR_CONSTANT,CONSTANT: dominant value '0' accounts for 100.0% of rows (1 unique value(s)). Carries little to no discriminative information in this dataset.,LOW,False,False
Fwd Header Len,int64,608,0.183671,0,0.0,0,True,0.0,332000.0,102.74137154975274,1405.810303105616,NETWORK_FEATURE,"Header lengths and initial TCP window sizes reflect protocol-stack behaviour and negotiated connection parameters, which can differ between normal and attack traffic.",LOW,True,False
Bwd Header Len,int64,876,0.264631,0,0.0,0,True,0.0,531332.0,114.50831503170436,2926.3480858608755,NETWORK_FEATURE,"Header lengths and initial TCP window sizes reflect protocol-stack behaviour and negotiated connection parameters, which can differ between normal and attack traffic.",LOW,True,False
Fwd Pkts/s,float64,155224,46.891643,0,0.0,0,True,0.0,3000000.0,55682.08513624909,243091.65687665978,NETWORK_FEATURE,"Byte/packet throughput describes the intensity of a flow (e.g. bursts vs slow trickles), useful for spotting scanning or flooding behaviour. Note: contains NaN/Infinity for zero-duration flows (see Step 5).",LOW,True,False
Bwd Pkts/s,float64,137952,41.673942,0,0.0,0,True,0.0,2000000.0,30559.82836048826,121366.38045296058,NETWORK_FEATURE,"Byte/packet throughput describes the intensity of a flow (e.g. bursts vs slow trickles), useful for spotting scanning or flooding behaviour. Note: contains NaN/Infinity for zero-duration flows (see Step 5).",LOW,True,False
Pkt Len Min,int64,85,0.025678,0,0.0,0,True,0.0,1460.0,16.03558622106354,39.09881154075221,NETWORK_FEATURE,Packet-size distribution statistics distinguish traffic types (e.g. small control packets vs bulk transfer) and are commonly discriminative for attack detection.,LOW,True,False
Pkt Len Max,int64,1026,0.309945,0,0.0,0,True,0.0,65160.0,338.372374458881,522.5890423468297,NETWORK_FEATURE,Packet-size distribution statistics distinguish traffic types (e.g. small control packets vs bulk transfer) and are commonly discriminative for attack detection.,LOW,True,False
Pkt Len Mean,float64,19124,5.777172,0,0.0,0,True,0.0,17344.98473,73.95394947863493,106.94180475457036,NETWORK_FEATURE,Packet-size distribution statistics distinguish traffic types (e.g. small control packets vs bulk transfer) and are commonly discriminative for attack detection.,LOW,True,False
Pkt Len Std,float64,21705,6.556867,0,0.0,0,True,0.0,22788.28621,101.47701666141403,162.87226433741324,NETWORK_FEATURE,Packet-size distribution statistics distinguish traffic types (e.g. small control packets vs bulk transfer) and are commonly discriminative for attack detection.,LOW,True,False
Pkt Len Var,float64,21705,6.556867,0,0.0,0,True,0.0,519000000.0,36823.95490152122,905513.9100803644,NETWORK_FEATURE,Packet-size distribution statistics distinguish traffic types (e.g. small control packets vs bulk transfer) and are commonly discriminative for attack detection.,LOW,True,False
FIN Flag Cnt,int64,2,0.000604,0,0.0,0,True,0.0,1.0,0.005893779057297441,0.07654449768184136,CONSTANT_OR_NEAR_CONSTANT,NEAR_CONSTANT: dominant value '0' accounts for 99.41% of rows (2 unique value(s)). Carries little to no discriminative information in this dataset.,LOW,False,False
SYN Flag Cnt,int64,2,0.000604,0,0.0,0,True,0.0,1.0,0.06471979627039486,0.24603115067059586,NETWORK_FEATURE,TCP control-flag counts reveal connection setup/teardown and anomalous flag combinations often associated with scanning or evasion techniques.,LOW,True,False
RST Flag Cnt,int64,2,0.000604,0,0.0,0,True,0.0,1.0,0.19908647935062698,0.39931382993555187,NETWORK_FEATURE,TCP control-flag counts reveal connection setup/teardown and anomalous flag combinations often associated with scanning or evasion techniques.,LOW,True,False
PSH Flag Cnt,int64,2,0.000604,0,0.0,0,True,0.0,1.0,0.43086213511284577,0.4951976337044072,NETWORK_FEATURE,TCP control-flag counts reveal connection setup/teardown and anomalous flag combinations often associated with scanning or evasion techniques.,LOW,True,False
ACK Flag Cnt,int64,2,0.000604,0,0.0,0,True,0.0,1.0,0.20664477519960608,0.40489900881406304,NETWORK_FEATURE,TCP control-flag counts reveal connection setup/teardown and anomalous flag combinations often associated with scanning or evasion techniques.,LOW,True,False
URG Flag Cnt,int64,2,0.000604,0,0.0,0,True,0.0,1.0,0.05007144432327272,0.21809272907216162,NETWORK_FEATURE,TCP control-flag counts reveal connection setup/teardown and anomalous flag combinations often associated with scanning or evasion techniques.,LOW,True,False
CWE Flag Count,int64,2,0.000604,0,0.0,0,True,0.0,1.0,0.0028094385050162073,0.05292970832643821,CONSTANT_OR_NEAR_CONSTANT,NEAR_CONSTANT: dominant value '0' accounts for 99.72% of rows (2 unique value(s)). Carries little to no discriminative information in this dataset.,LOW,False,False
ECE Flag Cnt,int64,2,0.000604,0,0.0,0,True,0.0,1.0,0.19908647935062698,0.39931382993555187,NETWORK_FEATURE,TCP control-flag counts reveal connection setup/teardown and anomalous flag combinations often associated with scanning or evasion techniques.,LOW,True,False
Down/Up Ratio,int64,28,0.008459,0,0.0,0,True,0.0,237.0,0.6259217526062829,1.0405490929655592,NETWORK_FEATURE,"Forward/backward traffic ratios and bulk-transfer statistics describe directional asymmetry, useful for identifying one-sided (e.g. scanning) vs bidirectional (e.g. normal session) behaviour.",LOW,True,False
Pkt Size Avg,float64,18849,5.694097,0,0.0,0,True,0.0,17478.40769,86.77129413325153,112.66175684791936,NETWORK_FEATURE,Packet-size distribution statistics distinguish traffic types (e.g. small control packets vs bulk transfer) and are commonly discriminative for attack detection.,LOW,True,False
Fwd Seg Size Avg,float64,10070,3.042048,0,0.0,0,True,0.0,1460.0,46.15544598476167,61.57902256902497,NETWORK_FEATURE,Packet-size distribution statistics distinguish traffic types (e.g. small control packets vs bulk transfer) and are commonly discriminative for attack detection.,LOW,True,False
Bwd Seg Size Avg,float64,13136,3.968256,0,0.0,0,True,0.0,33879.28358,107.81986297635018,176.07750412597835,NETWORK_FEATURE,Packet-size distribution statistics distinguish traffic types (e.g. small control packets vs bulk transfer) and are commonly discriminative for attack detection.,LOW,True,False
Fwd Byts/b Avg,int64,1,0.000302,0,0.0,0,True,0.0,0.0,0.0,0.0,CONSTANT_OR_NEAR_CONSTANT,CONSTANT: dominant value '0' accounts for 100.0% of rows (1 unique value(s)). Carries little to no discriminative information in this dataset.,LOW,False,False
Fwd Pkts/b Avg,int64,1,0.000302,0,0.0,0,True,0.0,0.0,0.0,0.0,CONSTANT_OR_NEAR_CONSTANT,CONSTANT: dominant value '0' accounts for 100.0% of rows (1 unique value(s)). Carries little to no discriminative information in this dataset.,LOW,False,False
Fwd Blk Rate Avg,int64,1,0.000302,0,0.0,0,True,0.0,0.0,0.0,0.0,CONSTANT_OR_NEAR_CONSTANT,CONSTANT: dominant value '0' accounts for 100.0% of rows (1 unique value(s)). Carries little to no discriminative information in this dataset.,LOW,False,False
Bwd Byts/b Avg,int64,1,0.000302,0,0.0,0,True,0.0,0.0,0.0,0.0,CONSTANT_OR_NEAR_CONSTANT,CONSTANT: dominant value '0' accounts for 100.0% of rows (1 unique value(s)). Carries little to no discriminative information in this dataset.,LOW,False,False
Bwd Pkts/b Avg,int64,1,0.000302,0,0.0,0,True,0.0,0.0,0.0,0.0,CONSTANT_OR_NEAR_CONSTANT,CONSTANT: dominant value '0' accounts for 100.0% of rows (1 unique value(s)). Carries little to no discriminative information in this dataset.,LOW,False,False
Bwd Blk Rate Avg,int64,1,0.000302,0,0.0,0,True,0.0,0.0,0.0,0.0,CONSTANT_OR_NEAR_CONSTANT,CONSTANT: dominant value '0' accounts for 100.0% of rows (1 unique value(s)). Carries little to no discriminative information in this dataset.,LOW,False,False
Subflow Fwd Pkts,int64,328,0.099086,0,0.0,0,True,1.0,18291.0,5.553154274424744,74.03143997066844,NETWORK_FEATURE,"Counts how many packets flowed in each direction, a direct signal of flow size and traffic asymmetry useful for distinguishing scan/probe behaviour from normal sessions.",LOW,True,False
Subflow Fwd Byts,int64,3953,1.194162,0,0.0,0,True,0.0,9789747.0,470.94597117455675,24749.54477690103,NETWORK_FEATURE,"Total bytes transferred per direction, capturing payload volume that differs between reconnaissance, exfiltration and normal traffic.",LOW,True,False
Subflow Bwd Pkts,int64,408,0.123253,0,0.0,0,True,0.0,35547.0,5.647865581961592,158.05586726941323,NETWORK_FEATURE,"Counts how many packets flowed in each direction, a direct signal of flow size and traffic asymmetry useful for distinguishing scan/probe behaviour from normal sessions.",LOW,True,False
Subflow Bwd Byts,int64,8806,2.660206,0,0.0,0,True,0.0,41866587.0,3307.1614702123998,220318.8608791571,NETWORK_FEATURE,"Total bytes transferred per direction, capturing payload volume that differs between reconnaissance, exfiltration and normal traffic.",LOW,True,False
Init Fwd Win Byts,int64,2409,0.727735,0,0.0,0,True,-1.0,65535.0,4737.369256888411,10792.57519297474,NETWORK_FEATURE,"Header lengths and initial TCP window sizes reflect protocol-stack behaviour and negotiated connection parameters, which can differ between normal and attack traffic.",LOW,True,False
Init Bwd Win Byts,int64,2108,0.636806,0,0.0,0,True,-1.0,65535.0,8820.786144332638,21251.091622075914,NETWORK_FEATURE,"Header lengths and initial TCP window sizes reflect protocol-stack behaviour and negotiated connection parameters, which can differ between normal and attack traffic.",LOW,True,False
Fwd Act Data Pkts,int64,131,0.039574,0,0.0,0,True,0.0,18290.0,2.1838853024073566,41.68586106563904,NETWORK_FEATURE,"Counts how many packets flowed in each direction, a direct signal of flow size and traffic asymmetry useful for distinguishing scan/probe behaviour from normal sessions.",LOW,True,False
Fwd Seg Size Min,int64,10,0.003021,0,0.0,0,True,0.0,48.0,16.34215940089479,7.117274125223098,NETWORK_FEATURE,Packet-size distribution statistics distinguish traffic types (e.g. small control packets vs bulk transfer) and are commonly discriminative for attack detection.,LOW,True,False
Active Mean,float64,42185,12.743673,0,0.0,0,True,0.0,114000000.0,289856.03733677417,3182662.791633142,NETWORK_FEATURE,"Active/idle period statistics describe bursting patterns within a flow, capturing behavioural rhythm relevant to distinguishing automated attack tooling from typical usage.",LOW,True,False
Active Std,float64,29300,8.851242,0,0.0,0,True,0.0,72200000.0,130736.03455797798,1903422.510307136,NETWORK_FEATURE,"Active/idle period statistics describe bursting patterns within a flow, capturing behavioural rhythm relevant to distinguishing automated attack tooling from typical usage.",LOW,True,False
Active Max,int64,41165,12.435542,0,0.0,0,True,0.0,114000000.0,418288.69244200626,4192125.0917360648,NETWORK_FEATURE,"Active/idle period statistics describe bursting patterns within a flow, capturing behavioural rhythm relevant to distinguishing automated attack tooling from typical usage.",LOW,True,False
Active Min,int64,27466,8.297208,0,0.0,0,True,0.0,114000000.0,201497.5508855773,2702097.3412671885,NETWORK_FEATURE,"Active/idle period statistics describe bursting patterns within a flow, capturing behavioural rhythm relevant to distinguishing automated attack tooling from typical usage.",LOW,True,False
Idle Mean,float64,16389,4.950956,0,0.0,0,True,0.0,120000000.0,5223228.632217571,16131783.082864447,NETWORK_FEATURE,"Active/idle period statistics describe bursting patterns within a flow, capturing behavioural rhythm relevant to distinguishing automated attack tooling from typical usage.",LOW,True,False
Idle Std,float64,30560,9.231875,0,0.0,0,True,0.0,55200000.0,275482.32022673776,2081495.4032065533,NETWORK_FEATURE,"Active/idle period statistics describe bursting patterns within a flow, capturing behavioural rhythm relevant to distinguishing automated attack tooling from typical usage.",LOW,True,False
Idle Max,int64,7999,2.416419,0,0.0,0,True,0.0,120000000.0,5483582.056508985,16570625.927482082,NETWORK_FEATURE,"Active/idle period statistics describe bursting patterns within a flow, capturing behavioural rhythm relevant to distinguishing automated attack tooling from typical usage.",LOW,True,False
Idle Min,int64,19571,5.912207,0,0.0,0,True,0.0,120000000.0,4969095.41332278,15933498.574516162,NETWORK_FEATURE,"Active/idle period statistics describe bursting patterns within a flow, capturing behavioural rhythm relevant to distinguishing automated attack tooling from typical usage.",LOW,True,False
Label,str,2,0.000604,0,0.0,0,False,,,,,TARGET,This is the ground-truth label column produced by the dataset authors. It must never be used as an input feature.,N/A,False,False
