feature_name,k1_train_mse,k1_train_mae,k1_validation_mse,k1_validation_mae,k1_test_mse,k1_test_mae,k3_train_mse,k3_train_mae,k3_validation_mse,k3_validation_mae,k3_test_mse,k3_test_mae,k5_train_mse,k5_train_mae,k5_validation_mse,k5_validation_mae,k5_test_mse,k5_test_mae
PSH Flag Cnt,0.7646441459655762,0.09614592045545578,6.440636157989502,0.1957477480173111,0.008254985325038433,0.061526261270046234,0.8090896606445312,0.10192720592021942,6.8569159507751465,0.20896577835083008,0.008754395879805088,0.06158885732293129,0.8653437495231628,0.10573798418045044,7.30924129486084,0.21640019118785858,0.008709513582289219,0.06082328036427498
Flow IAT Std,0.8881317377090454,0.5471712350845337,1.2634373903274536,0.6129595041275024,1.0682753324508667,0.5529439449310303,0.8769329786300659,0.5479398369789124,1.252917766571045,0.6120948791503906,1.108543872833252,0.563045859336853,0.8562904596328735,0.5449001789093018,1.2811592817306519,0.6157292723655701,1.1327755451202393,0.5653525590896606
SYN Flag Cnt,0.7842833399772644,0.564359188079834,0.9567451477050781,0.6107692718505859,0.3647385537624359,0.3722628355026245,0.9704660177230835,0.6116945147514343,1.1804516315460205,0.6706016659736633,0.467838853597641,0.4210700988769531,1.024192452430725,0.6131963133811951,1.2624702453613281,0.6728827357292175,0.4954993426799774,0.4272981286048889
Fwd PSH Flags,0.7856340408325195,0.5651369690895081,0.9578647613525391,0.6126106381416321,0.3654877543449402,0.36730438470840454,0.9704053401947021,0.6124045252799988,1.17971932888031,0.6721779704093933,0.4681330919265747,0.41814568638801575,1.0232536792755127,0.6148777604103088,1.2601217031478882,0.6748095750808716,0.4970589876174927,0.4283173084259033
Pkt Len Min,0.9674885869026184,0.4661621153354645,1.1491774320602417,0.4966719448566437,1.5073314905166626,0.5160804390907288,0.9219662547111511,0.47259607911109924,1.1689479351043701,0.5088528990745544,1.5558751821517944,0.5200659036636353,0.8925103545188904,0.4762417674064636,1.1632550954818726,0.5138094425201416,1.6825547218322754,0.5374531149864197
Fwd Seg Size Min,0.8946241140365601,0.7367320656776428,1.0498296022415161,0.7864642143249512,0.9570069313049316,0.7782559394836426,0.9274161458015442,0.7643672227859497,1.0988103151321411,0.816577672958374,0.9518327116966248,0.7856354117393494,0.949919581413269,0.7799753546714783,1.1459665298461914,0.8387791514396667,0.9710503816604614,0.7983188033103943
Fwd Pkt Len Min,0.9719703197479248,0.46843570470809937,1.1257596015930176,0.4965369999408722,1.4744932651519775,0.5097999572753906,0.929355263710022,0.4751467704772949,1.1451082229614258,0.5076228976249695,1.5160796642303467,0.5159714221954346,0.9025804400444031,0.47762760519981384,1.139278769493103,0.5112076997756958,1.6435633897781372,0.5327355265617371
Pkt Size Avg,0.8954769372940063,0.677560031414032,1.0649751424789429,0.7254065871238708,1.5435611009597778,0.7426374554634094,0.9291318655014038,0.7001231908798218,1.111406683921814,0.7507755756378174,1.631455421447754,0.7499627470970154,0.9281599521636963,0.7074899077415466,1.1337971687316895,0.7549582123756409,1.7250934839248657,0.7558220028877258
Bwd IAT Min,0.7586304545402527,0.2781100571155548,1.1618986129760742,0.3595348596572876,0.843640923500061,0.2750343084335327,0.6896156668663025,0.260041207075119,1.0712867975234985,0.34035754203796387,0.913556694984436,0.2531672716140747,0.6409810781478882,0.25360068678855896,1.1033347845077515,0.3367570638656616,0.9754263758659363,0.2444421499967575
Bwd Seg Size Avg,0.8735879063606262,0.7083967924118042,0.9760040044784546,0.7529585361480713,2.1412434577941895,0.7573654055595398,0.9481869339942932,0.7457925081253052,1.063870906829834,0.7960289120674133,2.3242976665496826,0.7728880643844604,0.9742550253868103,0.7580724954605103,1.08884596824646,0.7995315194129944,2.49871563911438,0.7799054980278015
Bwd Pkt Len Mean,0.8736235499382019,0.7079994082450867,0.9764297604560852,0.7529301643371582,2.1405084133148193,0.7578424215316772,0.9477776885032654,0.7454811334609985,1.0634586811065674,0.7961716055870056,2.322050094604492,0.7730653285980225,0.9734270572662354,0.7578144073486328,1.0886069536209106,0.7999167442321777,2.499478578567505,0.7807687520980835
URG Flag Cnt,0.9177947044372559,0.5753852725028992,0.882102370262146,0.5946270823478699,0.4354327917098999,0.3843810558319092,1.020527958869934,0.6221329569816589,1.0380674600601196,0.6640808582305908,0.4790436923503876,0.4282865524291992,1.0694530010223389,0.6423678994178772,1.0834418535232544,0.6894809007644653,0.5141751170158386,0.45292550325393677
Pkt Len Mean,0.9036018252372742,0.6866605281829834,1.0208449363708496,0.7221449017524719,1.633068323135376,0.7537134885787964,0.9358764290809631,0.7062874436378479,1.0603339672088623,0.7456154227256775,1.7332533597946167,0.7597354054450989,0.9346373081207275,0.7109958529472351,1.0810352563858032,0.7483428120613098,1.8361656665802002,0.7657115459442139
Fwd IAT Std,0.9418652653694153,0.567313551902771,1.0460309982299805,0.5848945379257202,1.2653759717941284,0.5548238754272461,0.9367625117301941,0.5699546933174133,1.0608313083648682,0.5863295793533325,1.3309898376464844,0.5684254169464111,0.8926967978477478,0.5662326216697693,1.076019048690796,0.589259684085846,1.3406322002410889,0.5747440457344055
Bwd IAT Max,0.8640470504760742,0.5648974180221558,1.0092966556549072,0.595019519329071,1.0290265083312988,0.511886477470398,0.9004879593849182,0.5764051675796509,1.046004295349121,0.6063485741615295,1.110457420349121,0.531554102897644,0.8694213032722473,0.5733162760734558,1.0667067766189575,0.611399233341217,1.1203185319900513,0.5356400609016418
Pkt Len Var,0.9003170132637024,0.7164878249168396,1.0009582042694092,0.746250331401825,1223.8277587890625,1.3982282876968384,0.9480232000350952,0.739004909992218,1.0447596311569214,0.7695663571357727,1355.5640869140625,1.477216362953186,0.9593780636787415,0.7428439259529114,1.065930724143982,0.7700271606445312,1500.9537353515625,1.5579214096069336
Fwd Pkt Len Mean,0.8710700869560242,0.6278906464576721,1.0207436084747314,0.6667221188545227,1.0925923585891724,0.7046618461608887,0.8826863169670105,0.6463193297386169,1.0442878007888794,0.6833168864250183,1.1255930662155151,0.7110607028007507,0.879511833190918,0.650948703289032,1.0645514726638794,0.6863822340965271,1.1707680225372314,0.7159625887870789
Fwd Seg Size Avg,0.8714230060577393,0.62749844789505,1.0212993621826172,0.6663672924041748,1.0969038009643555,0.7042245864868164,0.8829284310340881,0.6454219818115234,1.0442652702331543,0.6825814247131348,1.1321442127227783,0.7111131548881531,0.879952609539032,0.6493552923202515,1.0626968145370483,0.6838666200637817,1.1759716272354126,0.7149336338043213
Bwd IAT Mean,0.7959156036376953,0.3823663890361786,1.1144131422042847,0.45030421018600464,0.8701448440551758,0.37558451294898987,0.7401402592658997,0.3688039481639862,1.04204523563385,0.43396127223968506,0.9402832388877869,0.36909371614456177,0.6963788866996765,0.3623802363872528,1.0580533742904663,0.43096622824668884,0.9685598611831665,0.3628586530685425
Bwd Pkt Len Min,0.9067240357398987,0.7384228706359863,0.9453642964363098,0.7477283477783203,0.9653921723365784,0.766701877117157,0.9619738459587097,0.7810622453689575,1.0249251127243042,0.7981283068656921,0.9861311912536621,0.8009049296379089,0.9932183623313904,0.8009425401687622,1.0394588708877563,0.811602771282196,1.0332108736038208,0.8270532488822937
Bwd IAT Tot,0.8642383217811584,0.6328285336494446,0.9769179224967957,0.6531458497047424,0.7989885210990906,0.571025550365448,0.9334391355514526,0.664669394493103,1.020556926727295,0.6771107316017151,0.8728892803192139,0.6030869483947754,0.9375147223472595,0.6674575805664062,1.035571813583374,0.6844010353088379,0.890305757522583,0.6128514409065247
Init Fwd Win Byts,0.7135928869247437,0.5286729335784912,0.890968918800354,0.5915892124176025,0.9712089896202087,0.6208375096321106,0.7744373083114624,0.5580707788467407,0.9426133036613464,0.6087995767593384,1.0906517505645752,0.6612368226051331,0.8049038648605347,0.5800011157989502,1.0098811388015747,0.6327009201049805,1.1246715784072876,0.6790111064910889
Fwd Pkts/s,1.0252104997634888,0.45303305983543396,0.9146286249160767,0.4161500930786133,0.938495934009552,0.38645946979522705,1.024463176727295,0.465772807598114,0.9737249612808228,0.4402938187122345,0.972983181476593,0.402675062417984,1.0472049713134766,0.47667214274406433,1.0060224533081055,0.4534207284450531,0.89875328540802,0.40713536739349365
ACK Flag Cnt,0.752292811870575,0.5838013887405396,0.7731411457061768,0.6061837077140808,0.38502514362335205,0.4222281873226166,0.919441282749176,0.6347026228904724,0.988366425037384,0.6755346655845642,0.4843709468841553,0.4784907102584839,0.9699698090553284,0.6474876403808594,0.9962956309318542,0.6722955107688904,0.5207171440124512,0.5020253658294678
Bwd IAT Std,0.9269006848335266,0.5416310429573059,0.88686603307724,0.5441918969154358,1.5946403741836548,0.48873308300971985,1.0025877952575684,0.5657054781913757,0.975402295589447,0.5672297477722168,1.7250999212265015,0.520857572555542,0.9985193014144897,0.5658409595489502,0.9869902729988098,0.5707417726516724,1.5539573431015015,0.5197943449020386
Idle Std,1.0312262773513794,0.4458822011947632,0.9832763671875,0.45302340388298035,0.9628374576568604,0.38779139518737793,1.0381953716278076,0.44558441638946533,0.9743207097053528,0.4465095102787018,1.0131468772888184,0.3842453062534332,1.0021861791610718,0.44802001118659973,0.974740207195282,0.4526524841785431,1.0687732696533203,0.39527633786201477
RST Flag Cnt,0.6326249837875366,0.48255783319473267,0.6274065375328064,0.49558529257774353,0.34682396054267883,0.3697621524333954,0.9374900460243225,0.5595037341117859,0.9219440817832947,0.5747131705284119,0.42916035652160645,0.4023168683052063,1.0808137655258179,0.575659990310669,0.9671574831008911,0.5678369998931885,0.43460336327552795,0.40557730197906494
ECE Flag Cnt,0.6332643628120422,0.4808114767074585,0.625620424747467,0.4932536780834198,0.3412867486476898,0.3616868853569031,0.9400001764297485,0.5568885207176208,0.9202801585197449,0.570999026298523,0.42379575967788696,0.39073872566223145,1.0833064317703247,0.571731448173523,0.967004120349884,0.5634111166000366,0.42869576811790466,0.391770601272583
Pkt Len Std,0.8589915633201599,0.7204024791717529,0.9197041392326355,0.7479833364486694,1.4126882553100586,0.8150830864906311,0.899764358997345,0.7424303293228149,0.9534440040588379,0.7710039615631104,1.469574213027954,0.8242039680480957,0.9152613282203674,0.7481054663658142,0.9625264406204224,0.7718368768692017,1.5271090269088745,0.8275363445281982
Flow Pkts/s,1.0048034191131592,0.4671861529350281,0.8631063103675842,0.43169379234313965,0.9630947113037109,0.39672255516052246,1.017750859260559,0.48158949613571167,0.9263245463371277,0.4571170508861542,1.0125828981399536,0.413883775472641,1.039178490638733,0.4928114414215088,0.9539299607276917,0.4706045389175415,0.907177746295929,0.41809824109077454
Fwd IAT Tot,0.8617608547210693,0.6679003834724426,0.9548457264900208,0.6902291774749756,0.9881226420402527,0.7178557515144348,0.8777084350585938,0.6767944097518921,0.9520859718322754,0.6960775256156921,1.001500129699707,0.7215294241905212,0.8754059076309204,0.6787294149398804,0.9533282518386841,0.7035643458366394,1.0058934688568115,0.7264549136161804
Fwd Pkt Len Std,0.8438340425491333,0.6866272687911987,0.9007090330123901,0.702645480632782,1.018580436706543,0.7764488458633423,0.888853132724762,0.7101152539253235,0.9361514449119568,0.7185965776443481,1.050739049911499,0.7854931950569153,0.9073135256767273,0.7196729183197021,0.9531376957893372,0.7246706485748291,1.0796624422073364,0.7939521074295044
Fwd Pkt Len Max,0.835081160068512,0.6969920992851257,0.8969122767448425,0.7193648815155029,1.04985773563385,0.7991475462913513,0.8798699378967285,0.7205344438552856,0.9307806491851807,0.7351539731025696,1.0808435678482056,0.8080337047576904,0.9002291560173035,0.7299420833587646,0.9480500221252441,0.7435721158981323,1.1057599782943726,0.8158606886863708
Flow Duration,0.8625694513320923,0.6694248914718628,0.9458081722259521,0.6852230429649353,0.9914449453353882,0.7207006812095642,0.8768447041511536,0.6791683435440063,0.9432821273803711,0.6927997469902039,1.0073952674865723,0.7283936142921448,0.8762235045433044,0.6825689077377319,0.9461390972137451,0.7011045217514038,1.012181282043457,0.7326916456222534
Active Min,0.7722274661064148,0.20509351789951324,0.9176843166351318,0.2268371284008026,0.5204030275344849,0.20670683681964874,0.7933852076530457,0.20949716866016388,0.9194114804267883,0.22744756937026978,0.5445932745933533,0.21191610395908356,0.7932287454605103,0.20797447860240936,0.9319927096366882,0.22639910876750946,0.5771152973175049,0.22002005577087402
Pkt Len Max,0.8441434502601624,0.7098832130432129,0.8909506797790527,0.7365351915359497,1.325927972793579,0.8190420269966125,0.8855191469192505,0.7294377684593201,0.9203463792800903,0.7540903687477112,1.3743517398834229,0.8260194063186646,0.9060483574867249,0.7358041405677795,0.9277926683425903,0.7562254071235657,1.4251863956451416,0.8313959240913391
Bwd Pkt Len Std,0.8492273688316345,0.7150153517723083,0.8860223293304443,0.7398837804794312,1.2478595972061157,0.826046884059906,0.8872631192207336,0.7318504452705383,0.9119967818260193,0.7539805769920349,1.2901419401168823,0.8343123197555542,0.9051308035850525,0.7359573245048523,0.9134165644645691,0.7508509159088135,1.3286558389663696,0.8404484391212463
Bwd Pkt Len Max,0.8332682251930237,0.705357551574707,0.8716680407524109,0.7315613627433777,1.3250236511230469,0.82359778881073,0.874516487121582,0.7247814536094666,0.9006326794624329,0.7492730617523193,1.3739820718765259,0.8309155702590942,0.896424412727356,0.7322355508804321,0.9068370461463928,0.7513711452484131,1.421905755996704,0.8366565704345703
Idle Min,0.6520218849182129,0.540243923664093,0.8189188838005066,0.575989305973053,1.0380175113677979,0.6881000399589539,0.6869122385978699,0.5530902743339539,0.8511369824409485,0.5853762626647949,1.1111880540847778,0.705632746219635,0.7004387378692627,0.5664798021316528,0.8869964480400085,0.597506046295166,1.0896508693695068,0.7050708532333374
Idle Max,0.6939173340797424,0.5801113247871399,0.8308826088905334,0.6096236109733582,1.0410161018371582,0.7070425748825073,0.7288107872009277,0.589187741279602,0.8566086888313293,0.6136374473571777,1.119805097579956,0.7231994867324829,0.7348164916038513,0.599480390548706,0.886523425579071,0.6240706443786621,1.1109821796417236,0.7228440046310425
Idle Mean,0.6651344299316406,0.5619075298309326,0.8226955533027649,0.5954488515853882,1.032055139541626,0.6991561055183411,0.7025473117828369,0.57340407371521,0.8515477180480957,0.6007779240608215,1.1085591316223145,0.7172735333442688,0.7134982943534851,0.5839482545852661,0.8858103156089783,0.6111581921577454,1.092717170715332,0.7171913385391235
Flow IAT Max,0.6946887969970703,0.5788397192955017,0.8233746886253357,0.6078128814697266,1.0305622816085815,0.7013132572174072,0.7297601699829102,0.5869917273521423,0.8505868315696716,0.6103789210319519,1.1119450330734253,0.7181101441383362,0.7356511354446411,0.5960506796836853,0.8811261057853699,0.6201103925704956,1.105966329574585,0.7181476354598999
Init Bwd Win Byts,0.7861180901527405,0.6700358986854553,0.8087262511253357,0.6829892992973328,1.066933274269104,0.8049799203872681,0.8505857586860657,0.7113821506500244,0.8643958568572998,0.7210935354232788,1.1178433895111084,0.8270688652992249,0.8784424662590027,0.7315310835838318,0.871850311756134,0.7312963008880615,1.1437525749206543,0.8372361063957214
Fwd IAT Max,0.6924629807472229,0.5780718922615051,0.8082199096679688,0.6081901788711548,1.0251872539520264,0.7019904255867004,0.7283346652984619,0.5867536067962646,0.8332183957099915,0.6106790900230408,1.1034201383590698,0.7165464758872986,0.7330741882324219,0.596919059753418,0.8615603446960449,0.6224157810211182,1.0948436260223389,0.7179158926010132
Active Mean,0.7738524675369263,0.25103652477264404,0.8303290605545044,0.25974270701408386,0.7226672768592834,0.2755869925022125,0.7718184590339661,0.25197380781173706,0.8363765478134155,0.2600751519203186,0.7396377921104431,0.27746468782424927,0.7668974995613098,0.2499745786190033,0.8585013747215271,0.26168587803840637,0.7858297228813171,0.28305116295814514
Active Max,0.7746883034706116,0.2575507164001465,0.7852698564529419,0.2592569589614868,0.9362544417381287,0.29659122228622437,0.7501075863838196,0.252841055393219,0.7965097427368164,0.255951464176178,0.9069260954856873,0.2911340594291687,0.7429652214050293,0.2501303255558014,0.829401433467865,0.2593892216682434,0.963763952255249,0.29705536365509033
Fwd IAT Mean,0.5627648830413818,0.44041717052459717,0.7206723690032959,0.48071858286857605,0.9647741317749023,0.6248902082443237,0.6091343760490417,0.4504225254058838,0.7532578706741333,0.48115625977516174,1.0546932220458984,0.641259491443634,0.6421455144882202,0.4732900857925415,0.7883522510528564,0.5010978579521179,1.03850519657135,0.6378859877586365
Fwd IAT Min,0.5457081198692322,0.39905935525894165,0.7048233151435852,0.438768595457077,0.9631708264350891,0.5907444357872009,0.594304621219635,0.4098278880119324,0.7440160512924194,0.4408997893333435,1.0522124767303467,0.6039959192276001,0.6297768354415894,0.43349194526672363,0.7792489528656006,0.4591779112815857,1.033351182937622,0.5973139405250549
Flow IAT Mean,0.5589039921760559,0.4223787784576416,0.6844677925109863,0.4491637051105499,0.9946830868721008,0.6220120787620544,0.6063177585601807,0.4372134208679199,0.7269607186317444,0.4562281668186188,1.0863690376281738,0.6407662034034729,0.6426105499267578,0.4641314744949341,0.7660664319992065,0.47892889380455017,1.0701237916946411,0.6390558481216431
Flow IAT Min,0.5507023930549622,0.3953276574611664,0.6722184419631958,0.4196961522102356,1.0009251832962036,0.5934284329414368,0.5991172790527344,0.4085276126861572,0.7191391587257385,0.424967497587204,1.0922919511795044,0.6088334918022156,0.637444794178009,0.4364127516746521,0.7602256536483765,0.44687992334365845,1.0729209184646606,0.6051322817802429
Active Std,0.805810809135437,0.21698357164859772,0.6973246335983276,0.204332634806633,1.0894912481307983,0.25897595286369324,0.7450714707374573,0.20586630702018738,0.7134701609611511,0.19689542055130005,1.0622533559799194,0.24636781215667725,0.7315856218338013,0.20242656767368317,0.7554948925971985,0.20057551562786102,1.1203995943069458,0.24495196342468262
Flow Byts/s,1.1514530181884766,0.3041703701019287,0.6074320673942566,0.24432724714279175,0.5405346751213074,0.23183275759220123,1.163898229598999,0.2943490445613861,0.6456930637359619,0.2414720058441162,0.5604267716407776,0.2260415107011795,1.1929460763931274,0.2964102625846863,0.6319770812988281,0.24279353022575378,0.4567355811595917,0.22177618741989136
Bwd Pkts/s,1.017038106918335,0.31271058320999146,0.48808929324150085,0.3068779706954956,0.31652235984802246,0.2573375999927521,1.0187679529190063,0.32511723041534424,0.5187628865242004,0.3231184780597687,0.34286293387413025,0.2733176648616791,1.076013207435608,0.3366227447986603,0.5402976274490356,0.3342045545578003,0.357435941696167,0.2811344861984253
Down/Up Ratio,0.18100771307945251,0.3175964653491974,0.2565977871417999,0.368818461894989,0.17599166929721832,0.3399308919906616,0.19027531147003174,0.3277282416820526,0.26253268122673035,0.3785484731197357,0.18540255725383759,0.34901973605155945,0.1932520866394043,0.3333441913127899,0.26592642068862915,0.383678138256073,0.19268284738063812,0.3562936782836914
Fwd Header Len,1.2270678281784058,0.1531493067741394,0.1544371247291565,0.1322558969259262,0.09461336582899094,0.10087152570486069,1.3220981359481812,0.16438345611095428,0.17284756898880005,0.14396028220653534,0.08490203320980072,0.10184784978628159,1.3124759197235107,0.16681155562400818,0.1849570870399475,0.14517058432102203,0.09237011522054672,0.10686346143484116
Tot Fwd Pkts,1.056736946105957,0.16222859919071198,0.12431640177965164,0.13678066432476044,0.09195034205913544,0.1069193109869957,1.148226261138916,0.17478395998477936,0.14200927317142487,0.14935490489006042,0.08348233252763748,0.11031640321016312,1.1326948404312134,0.1769993007183075,0.15204039216041565,0.15060681104660034,0.09012392908334732,0.11721283197402954
Subflow Fwd Pkts,1.0534679889678955,0.16109777987003326,0.12427889555692673,0.13383986055850983,0.09197193384170532,0.10834910720586777,1.144591212272644,0.17259059846401215,0.14135846495628357,0.14543795585632324,0.08340539783239365,0.11113325506448746,1.129663109779358,0.17470455169677734,0.15185756981372833,0.14755874872207642,0.09033174812793732,0.11627040803432465
Protocol_6,0.071719229221344,0.22413818538188934,0.07083729654550552,0.22315345704555511,0.07494213432073593,0.2356088012456894,0.07606872171163559,0.23571591079235077,0.07579176872968674,0.23559117317199707,0.07578516751527786,0.24024878442287445,0.07791721075773239,0.23936951160430908,0.07764425128698349,0.23989132046699524,0.07716747373342514,0.24216744303703308
Fwd Act Data Pkts,0.5826416611671448,0.12538592517375946,0.06010914221405983,0.10787325352430344,0.018805067986249924,0.08395180851221085,0.6420974731445312,0.13578297197818756,0.0671592429280281,0.11509768664836884,0.020654059946537018,0.08638933300971985,0.6777569055557251,0.13917583227157593,0.0705493688583374,0.11453977227210999,0.02132670395076275,0.08759039640426636
Protocol_17,0.06160272657871246,0.20864777266979218,0.06143666058778763,0.21014158427715302,0.060478661209344864,0.2108985036611557,0.06726059317588806,0.22221656143665314,0.06734761595726013,0.2239183485507965,0.06416168808937073,0.22131752967834473,0.070047527551651,0.22870631515979767,0.06898834556341171,0.22868074476718903,0.06765204668045044,0.22935767471790314
Subflow Fwd Byts,1.4054808616638184,0.07113422453403473,0.06257320195436478,0.05346689745783806,0.008902987465262413,0.05109313875436783,1.5165024995803833,0.06554391980171204,0.06536424905061722,0.04699826240539551,0.007365281227976084,0.04182855412364006,1.6142688989639282,0.06618084013462067,0.06872779875993729,0.045552775263786316,0.007596774958074093,0.04095644876360893
TotLen Fwd Pkts,1.4048748016357422,0.0707840695977211,0.06260402500629425,0.05388445779681206,0.008731083013117313,0.047402381896972656,1.5167227983474731,0.06551546603441238,0.06540870666503906,0.04724868759512901,0.007127579301595688,0.03882303088903427,1.6144320964813232,0.06550376862287521,0.0686975046992302,0.04404151439666748,0.007465488743036985,0.03817005455493927
Bwd Header Len,1.2483266592025757,0.10551672428846359,0.03853011876344681,0.07625085115432739,0.07232963293790817,0.07133373618125916,1.3464932441711426,0.10574094951152802,0.04248581454157829,0.07520868629217148,0.05829419195652008,0.06532680243253708,1.3629114627838135,0.10526096820831299,0.04497712105512619,0.07427722960710526,0.06393308192491531,0.06813988089561462
Subflow Bwd Pkts,1.1484113931655884,0.09862156212329865,0.033662836998701096,0.0703020691871643,0.06499723345041275,0.0660032108426094,1.2401113510131836,0.099981389939785,0.036683227866888046,0.0703408494591713,0.05169549956917763,0.05993626266717911,1.2538790702819824,0.09994354844093323,0.03889906406402588,0.06919484585523605,0.056954894214868546,0.061664897948503494
Tot Bwd Pkts,1.146891713142395,0.09849682450294495,0.03413465991616249,0.07190229743719101,0.06433407962322235,0.061133407056331635,1.2387279272079468,0.09905613213777542,0.03647896647453308,0.0711774230003357,0.05092671886086464,0.05556940287351608,1.2543790340423584,0.09883707016706467,0.038765110075473785,0.07066290080547333,0.05589694529771805,0.05871987342834473
Protocol_0,0.014187135733664036,0.06927523016929626,0.017137331888079643,0.07463625073432922,0.017510248348116875,0.08104932308197021,0.013658493757247925,0.0693575069308281,0.016946520656347275,0.07523250579833984,0.01656598597764969,0.08069292455911636,0.013576691038906574,0.069821797311306,0.016950780525803566,0.07575662434101105,0.016010163351893425,0.0795784518122673
TotLen Bwd Pkts,1.2093459367752075,0.0783119946718216,0.012168904766440392,0.047754935920238495,0.0654173269867897,0.053276170045137405,1.2978129386901855,0.07029968500137329,0.01144575234502554,0.03876740485429764,0.05117923393845558,0.04329943656921387,1.3125230073928833,0.06755825877189636,0.011682271026074886,0.03592057153582573,0.056913554668426514,0.04458937421441078
Subflow Bwd Byts,1.2139657735824585,0.0779900923371315,0.011670878157019615,0.04799002408981323,0.06618375331163406,0.05608225613832474,1.309535264968872,0.07050656527280807,0.011227834969758987,0.0399772934615612,0.05177191644906998,0.04344281181693077,1.323482871055603,0.06717202812433243,0.011507722549140453,0.03568783029913902,0.05680001154541969,0.042182039469480515
