horizon,split,mse,rmse,mae,n
1,train,0.8312842845916748,0.911747932434082,0.444521427154541,15660
1,validation,0.7961475253105164,0.8922709822654724,0.46167224645614624,3492
1,test,18.77292251586914,4.332773208618164,0.47180914878845215,2871
2,train,0.8631632924079895,0.9290658235549927,0.45521673560142517,15144
2,validation,0.8329390287399292,0.9126549363136292,0.4731771647930145,3388
2,test,19.76334571838379,4.445598602294922,0.48139914870262146,2726
3,train,0.881429135799408,0.9388445615768433,0.4597964584827423,14651
3,validation,0.843924880027771,0.9186538457870483,0.4771537184715271,3288
3,test,20.75524139404297,4.555791854858398,0.48362573981285095,2592
5,train,0.8977382779121399,0.9474905133247375,0.46620988845825195,13727
5,validation,0.8701534271240234,0.9328201413154602,0.48244526982307434,3092
5,test,22.912490844726562,4.786699295043945,0.4895744323730469,2341
