sequence_id,feature,time_step,contribution,direction
15670,Protocol_6,t+1,-1.2565271854400635,benign
15670,Pkt Len Std,t+1,0.5279834270477295,attack
15670,Flow Duration,t+1,-0.3195290267467499,benign
15670,Fwd Pkt Len Std,t+1,-0.2734432518482208,benign
15670,Fwd IAT Tot,t+1,0.24130994081497192,attack
15670,Fwd IAT Max,t+1,0.2241228073835373,attack
15670,Bwd Pkt Len Std,t+1,-0.1939595341682434,benign
15670,Fwd Seg Size Min,t+1,0.18752524256706238,attack
15670,Fwd Pkt Len Max,t+1,0.1812586933374405,attack
15670,Fwd IAT Mean,t+1,0.1595136672258377,attack
15853,Protocol_6,t+1,-1.204080581665039,benign
15853,Pkt Len Std,t+1,1.0652291774749756,attack
15853,Fwd Pkt Len Std,t+1,-0.5298424959182739,benign
15853,Flow Duration,t+1,-0.4033191204071045,benign
15853,Fwd IAT Max,t+1,0.3778039216995239,attack
15853,Fwd IAT Tot,t+1,0.36020880937576294,attack
15853,Fwd Pkt Len Max,t+1,0.3391788899898529,attack
15853,Fwd IAT Mean,t+1,0.33642709255218506,attack
15853,Bwd Pkt Len Std,t+1,-0.31236469745635986,benign
15853,Pkt Len Var,t+1,-0.29330235719680786,benign
16037,Protocol_6,t+1,-1.0224459171295166,benign
16037,Fwd IAT Max,t+1,0.23520037531852722,attack
16037,Fwd IAT Mean,t+1,0.1662309169769287,attack
16037,Flow IAT Mean,t+1,-0.1465807855129242,benign
16037,Fwd Pkt Len Std,t+1,0.13000160455703735,attack
16037,Flow Duration,t+1,-0.12264713644981384,benign
16037,Fwd IAT Tot,t+1,0.10886140912771225,attack
16037,Idle Max,t+1,-0.10018497705459595,benign
16037,Pkt Len Std,t+1,-0.08347757905721664,benign
16037,Fwd Seg Size Min,t+1,0.07182015478610992,attack
16221,Protocol_6,t+1,-1.2077780961990356,benign
16221,Pkt Len Std,t+1,0.5076285004615784,attack
16221,Fwd IAT Mean,t+1,0.2643081545829773,attack
16221,Fwd Pkt Len Std,t+1,-0.2624489963054657,benign
16221,Flow IAT Mean,t+1,-0.24724707007408142,benign
16221,Fwd IAT Max,t+1,0.24715198576450348,attack
16221,Fwd IAT Tot,t+1,0.19779044389724731,attack
16221,Bwd Pkt Len Std,t+1,-0.1648256778717041,benign
16221,Flow Duration,t+1,-0.16069748997688293,benign
16221,Fwd Pkt Len Max,t+1,0.15496478974819183,attack
16404,Protocol_6,t+1,-1.0296516418457031,benign
16404,Pkt Len Std,t+1,-0.4449833631515503,benign
16404,Fwd Pkt Len Std,t+1,0.18876516819000244,attack
16404,Fwd IAT Max,t+1,0.18260803818702698,attack
16404,Fwd IAT Mean,t+1,0.17194201052188873,attack
16404,Bwd Pkt Len Std,t+1,0.1604224592447281,attack
16404,Flow IAT Mean,t+1,-0.1408226639032364,benign
16404,Fwd Pkt Len Max,t+1,-0.11555296182632446,benign
16404,Pkt Len Var,t+1,0.11460086703300476,attack
16404,Pkt Len Max,t+1,-0.10874603688716888,benign
16588,Protocol_6,t+1,-1.072771668434143,benign
16588,Flow IAT Mean,t+1,-0.18280741572380066,benign
16588,Fwd IAT Mean,t+1,0.1746043860912323,attack
16588,Fwd IAT Max,t+1,0.14514273405075073,attack
16588,Pkt Len Std,t+1,-0.12369516491889954,benign
16588,Protocol_0,t+1,0.08097200095653534,attack
16588,Idle Max,t+1,-0.07388808578252792,benign
16588,Protocol_17,t+1,0.06929925829172134,attack
16588,Fwd IAT Min,t+1,-0.06513240188360214,benign
16588,Fwd IAT Tot,t+1,0.058083247393369675,attack
16772,Pkt Len Std,t+1,1.1874279975891113,attack
16772,Protocol_6,t+1,-1.1640186309814453,benign
16772,Fwd Pkt Len Std,t+1,-0.4881998896598816,benign
16772,Flow Duration,t+1,-0.4274587035179138,benign
16772,Fwd IAT Max,t+1,0.41050371527671814,attack
16772,Fwd IAT Tot,t+1,0.3503592610359192,attack
16772,Bwd Pkt Len Std,t+1,-0.3485012948513031,benign
16772,Pkt Len Var,t+1,-0.33726146817207336,benign
16772,Fwd Pkt Len Max,t+1,0.2937716841697693,attack
16772,Pkt Len Max,t+1,0.2641817629337311,attack
16956,Protocol_6,t+1,-1.132348895072937,benign
16956,Pkt Len Std,t+1,-0.2673399746417999,benign
16956,Flow IAT Mean,t+1,-0.23382997512817383,benign
16956,Fwd IAT Mean,t+1,0.22537042200565338,attack
16956,Fwd Pkt Len Std,t+1,0.21309763193130493,attack
16956,Fwd IAT Max,t+1,0.20255133509635925,attack
16956,Bwd Pkt Len Std,t+1,0.12394142150878906,attack
16956,Fwd Pkt Len Max,t+1,-0.11396797001361847,benign
16956,Idle Max,t+1,-0.10252836346626282,benign
16956,Fwd IAT Tot,t+1,0.09744110703468323,attack
17139,Protocol_6,t+1,-1.1185246706008911,benign
17139,Pkt Len Std,t+1,-0.41767629981040955,benign
17139,Fwd Pkt Len Std,t+1,0.31462234258651733,attack
17139,Fwd Pkt Len Max,t+1,-0.1784622222185135,benign
17139,Bwd Pkt Len Std,t+1,0.15033259987831116,attack
17139,Fwd IAT Max,t+1,0.14637257158756256,attack
17139,Pkt Len Max,t+1,-0.12339241802692413,benign
17139,Bwd Pkt Len Max,t+1,0.12030299752950668,attack
17139,Pkt Len Var,t+1,0.11316360533237457,attack
17139,Init Bwd Win Byts,t+1,0.10707513242959976,attack
17323,Protocol_6,t+1,-1.154081106185913,benign
17323,Pkt Len Std,t+1,-0.2932127118110657,benign
17323,Fwd Pkt Len Std,t+1,0.2499569207429886,attack
17323,Flow IAT Mean,t+1,-0.2150256335735321,benign
17323,Fwd IAT Mean,t+1,0.21069328486919403,attack
17323,Fwd IAT Max,t+1,0.20332393050193787,attack
17323,Fwd Pkt Len Max,t+1,-0.13913550972938538,benign
17323,Bwd Pkt Len Std,t+1,0.1249932125210762,attack
17323,Idle Max,t+1,-0.10927006602287292,benign
17323,Fwd IAT Tot,t+1,0.09974320232868195,attack
17507,Protocol_6,t+1,-1.2223215103149414,benign
17507,Pkt Len Std,t+1,0.2798554599285126,attack
17507,Fwd IAT Max,t+1,0.24351558089256287,attack
17507,Fwd IAT Mean,t+1,0.18490247428417206,attack
17507,Flow IAT Mean,t+1,-0.17140232026576996,benign
17507,Fwd IAT Tot,t+1,0.10381857305765152,attack
17507,Pkt Len Var,t+1,-0.08986297994852066,benign
17507,Bwd Pkt Len Std,t+1,-0.08112412691116333,benign
17507,Idle Max,t+1,-0.07951739430427551,benign
17507,Protocol_0,t+1,0.07840238511562347,attack
17691,Protocol_6,t+1,-1.222976803779602,benign
17691,Pkt Len Std,t+1,-0.29026204347610474,benign
17691,Fwd IAT Max,t+1,0.18061406910419464,attack
17691,Fwd Pkt Len Std,t+1,0.17139436304569244,attack
17691,Bwd Pkt Len Std,t+1,0.1363571584224701,attack
17691,Fwd Pkt Len Max,t+1,-0.10959622263908386,benign
17691,Protocol_0,t+1,0.09474213421344757,attack
17691,Fwd IAT Mean,t+1,0.09088123589754105,attack
17691,Bwd Pkt Len Max,t+1,0.08854881674051285,attack
17691,Flow IAT Mean,t+1,-0.08805064111948013,benign
17874,Protocol_6,t+1,-1.1792259216308594,benign
17874,Pkt Len Std,t+1,0.3643534183502197,attack
17874,Pkt Len Var,t+1,-0.11079150438308716,benign
17874,Bwd Pkt Len Std,t+1,-0.10757088661193848,benign
17874,Protocol_0,t+1,0.09090252220630646,attack
17874,Fwd Seg Size Min,t+1,0.08291425555944443,attack
17874,Bwd Pkt Len Max,t+1,-0.08062008023262024,benign
17874,Fwd Pkt Len Max,t+1,0.08037048578262329,attack
17874,Fwd Pkt Len Std,t+1,-0.0770910456776619,benign
17874,Pkt Len Max,t+1,0.07571271061897278,attack
18058,Protocol_6,t+1,-1.1942087411880493,benign
18058,Pkt Len Std,t+1,0.7981511950492859,attack
18058,Fwd Pkt Len Std,t+1,-0.29364433884620667,benign
18058,Bwd Pkt Len Std,t+1,-0.27034619450569153,benign
18058,Pkt Len Var,t+1,-0.24622952938079834,benign
18058,Flow IAT Mean,t+1,0.2004852443933487,attack
18058,Fwd IAT Mean,t+1,-0.18037547171115875,benign
18058,Bwd Pkt Len Max,t+1,-0.17778629064559937,benign
18058,Pkt Len Max,t+1,0.17243692278862,attack
18058,Fwd Pkt Len Max,t+1,0.15695986151695251,attack
18242,Protocol_6,t+1,-1.0653795003890991,benign
18242,Pkt Len Std,t+1,0.5064986348152161,attack
18242,Fwd Pkt Len Std,t+1,-0.2409551590681076,benign
18242,Bwd Pkt Len Std,t+1,-0.2244989573955536,benign
18242,Fwd IAT Max,t+1,0.15464560687541962,attack
18242,Fwd Pkt Len Max,t+1,0.1483866274356842,attack
18242,Pkt Len Var,t+1,-0.14771264791488647,benign
18242,Bwd Pkt Len Max,t+1,-0.13619917631149292,benign
18242,Pkt Len Max,t+1,0.13027243316173553,attack
18242,Init Bwd Win Byts,t+1,-0.10565602034330368,benign
18426,Protocol_6,t+1,-1.0258705615997314,benign
18426,Fwd IAT Max,t+1,-0.29261064529418945,benign
18426,Fwd IAT Mean,t+1,-0.2779248058795929,benign
18426,Flow IAT Mean,t+1,0.24942617118358612,attack
18426,Pkt Len Std,t+1,0.16893981397151947,attack
18426,Idle Max,t+1,0.15450918674468994,attack
18426,Flow Duration,t+1,0.14677613973617554,attack
18426,Protocol_0,t+1,0.14056816697120667,attack
18426,Fwd IAT Min,t+1,0.12187223136425018,attack
18426,Subflow Bwd Pkts,t+1,0.10955781489610672,attack
18609,Protocol_6,t+1,-0.8667324185371399,benign
18609,Fwd IAT Mean,t+1,0.26805344223976135,attack
18609,Flow IAT Mean,t+1,-0.2625339925289154,benign
18609,Fwd Pkt Len Std,t+1,-0.223784938454628,benign
18609,Fwd Seg Size Min,t+1,-0.16574092209339142,benign
18609,Flow Duration,t+1,0.12792238593101501,attack
18609,Protocol_17,t+1,0.11698535084724426,attack
18609,Fwd Pkt Len Max,t+1,0.11503904312849045,attack
18609,Init Bwd Win Byts,t+1,-0.11388775706291199,benign
18609,Fwd IAT Tot,t+1,-0.10984405875205994,benign
18793,Fwd IAT Mean,t+1,-2.0617318153381348,benign
18793,Flow IAT Mean,t+1,1.9656862020492554,attack
18793,Fwd IAT Max,t+1,-1.842587947845459,benign
18793,Protocol_6,t+1,-1.081006407737732,benign
18793,Idle Max,t+1,0.9154924154281616,attack
18793,Fwd IAT Min,t+1,0.7953248620033264,attack
18793,Flow Duration,t+1,0.636269748210907,attack
18793,Fwd IAT Tot,t+1,-0.5746541023254395,benign
18793,Flow IAT Min,t+1,-0.5393952131271362,benign
18793,Flow IAT Max,t+1,0.47428441047668457,attack
18977,Protocol_6,t+1,-1.054917812347412,benign
18977,Pkt Len Std,t+1,0.44333982467651367,attack
18977,Fwd IAT Max,t+1,0.28518787026405334,attack
18977,Flow IAT Mean,t+1,-0.26434728503227234,benign
18977,Fwd IAT Mean,t+1,0.22660642862319946,attack
18977,Fwd Pkt Len Std,t+1,-0.16793401539325714,benign
18977,Flow Duration,t+1,-0.16693821549415588,benign
18977,Pkt Len Var,t+1,-0.15093573927879333,benign
18977,Fwd IAT Tot,t+1,0.1439550518989563,attack
18977,Idle Max,t+1,-0.13685056567192078,benign
19161,Protocol_6,t+1,-1.1037224531173706,benign
19161,Fwd IAT Max,t+1,0.3117736876010895,attack
19161,Fwd IAT Mean,t+1,0.287662148475647,attack
19161,Flow IAT Mean,t+1,-0.23039358854293823,benign
19161,Idle Max,t+1,-0.16598768532276154,benign
19161,Pkt Len Std,t+1,0.12609273195266724,attack
19161,Protocol_0,t+1,0.12501832842826843,attack
19161,Flow Duration,t+1,-0.12112171947956085,benign
19161,Fwd IAT Tot,t+1,0.11071079969406128,attack
19161,Fwd IAT Min,t+1,-0.09216519445180893,benign
